date,avgBikeDuration,avgBikeDistance,totalBikeTrips
2021-01-01,0 days 00:21:13.757688451,1.8756365059148077,18790
2021-01-02,0 days 00:20:08.940382109,2.0785241901461626,41195
2021-01-03,0 days 00:17:09.302075799,1.634525785883316,14578
2021-01-04,0 days 00:14:49.138000979,1.8618838110454072,36745
2021-01-05,0 days 00:14:38.263353017,1.8887536247985193,38525
2021-01-06,0 days 00:14:41.955300113,1.8815713433791497,37929
2021-01-07,0 days 00:14:04.776776618,1.8697243892095132,37971
2021-01-08,0 days 00:16:25.122804243,1.8329489113232527,37138
2021-01-09,0 days 00:16:43.772580001,1.8845476150383094,34643
2021-01-10,0 days 00:17:33.654282644,1.9544978866682878,35366
2021-01-11,0 days 00:14:06.060824710,1.838359083282925,36106
2021-01-12,0 days 00:15:51.092494538,1.9104754650142257,42298
2021-01-13,0 days 00:15:42.628385988,1.898158569222491,42522
2021-01-14,0 days 00:16:25.057231163,1.9214762396754208,47832
2021-01-15,0 days 00:15:42.007625777,1.8629128559078905,40508
2021-01-16,0 days 00:16:54.743008448,1.990102599777707,41189
2021-01-17,0 days 00:18:20.572567098,1.9936306055212056,38831
2021-01-18,0 days 00:16:22.179999461,1.975383146284946,42740
2021-01-19,0 days 00:13:33.505845979,1.8736397814768302,40592
2021-01-20,0 days 00:13:33.537785412,1.8288601256435417,36251
2021-01-21,0 days 00:15:25.487669584,1.8954820704296906,40897
2021-01-22,0 days 00:15:01.672103072,1.890020507583606,44037
2021-01-23,0 days 00:15:55.120432927,1.8420013226497767,32137
2021-01-24,0 days 00:16:05.219528534,1.7954273627486472,27353
2021-01-25,0 days 00:13:35.278374681,1.806681219373358,36060
2021-01-26,0 days 00:12:45.079098374,1.7953539130904255,27375
2021-01-27,0 days 00:13:32.807862398,1.8828988819388852,38982
2021-01-28,0 days 00:13:01.961885315,1.786142106961489,34137
2021-01-29,0 days 00:12:11.896388780,1.5916774623745087,23566
2021-01-30,0 days 00:15:35.164282949,1.7445135401033396,27330
2021-01-31,0 days 00:17:29.230150485,1.6403491050731651,21723
2021-02-01,0 days 00:44:27.562248995,1.2235535923170808,249
2021-02-03,0 days 01:00:17.973489519,1.7250416651972809,6488
2021-02-04,0 days 00:23:36.569338016,1.8733024938517866,18792
2021-02-05,0 days 00:19:53.404093855,1.8439565238820201,24378
2021-02-06,0 days 00:20:11.905045460,1.9814883475210763,31236
2021-02-07,0 days 00:23:52.951853635,1.6698239641693002,8308
2021-02-08,0 days 00:15:42.356426027,1.6630657543471,18534
2021-02-09,0 days 00:14:01.162618984,1.7239820702204927,22482
2021-02-10,0 days 00:20:31.335293284,1.762507250469748,28232
2021-02-11,0 days 00:14:02.101092301,1.7416850319949284,22979
2021-02-12,0 days 00:15:07.092621784,1.7136509960752158,26009
2021-02-13,0 days 00:16:35.357607,1.756939023345381,23084
2021-02-14,0 days 00:16:54.141845484,1.8021305765824325,23441
2021-02-15,0 days 00:20:38.274098444,1.7382778089919126,23404
2021-02-16,0 days 00:14:54.683006956,1.8155659079237267,31048
2021-02-17,0 days 00:14:58.279431751,1.7284880430001235,30902
2021-02-18,0 days 00:13:06.834338138,1.6108907261581606,7630
2021-02-19,0 days 00:13:02.635685266,1.595055343754622,12061
2021-02-20,0 days 00:15:03.283970870,1.7849994224032355,24992
2021-02-21,0 days 00:16:23.258508026,1.8468977491370944,26475
2021-02-22,0 days 00:12:25.285020201,1.7205984801391365,19553
2021-02-23,0 days 00:13:27.290749686,1.8015893492181938,33534
2021-02-24,0 days 00:15:10.346891354,1.9174307677659677,46049
2021-02-25,0 days 00:15:07.413037971,1.8804140862044372,43427
2021-02-26,0 days 00:15:07.406642728,1.8543588640779751,44560
2021-02-27,0 days 00:16:20.035372383,1.8489998424524188,30815
2021-02-28,0 days 00:15:00.366586933,1.734260560878132,21321
2021-03-01,0 days 00:13:14.330065075,1.7456723164814163,34575
2021-03-02,0 days 00:13:21.965981308,1.7041164539251095,32100
2021-03-03,0 days 00:14:41.911475998,1.8777243305406461,50122
2021-03-04,0 days 00:13:24.204611523,1.7916387698361933,40247
2021-03-05,0 days 00:14:04.800676977,1.7357285102456579,36338
2021-03-06,0 days 00:14:02.652846645,1.7817247427823828,33478
2021-03-07,0 days 00:15:42.521922380,1.8733204694296097,35352
2021-03-08,0 days 00:13:28.625526274,1.8203446564052344,38478
2021-03-09,0 days 00:16:50.424781258,1.975368512709903,60231
2021-03-10,0 days 00:15:31.792532254,1.9245391767434674,54876
2021-03-11,0 days 00:17:43.393104658,1.9943208898805074,68394
2021-03-12,0 days 00:18:22.300777090,1.9746866224062771,69490
2021-03-13,0 days 00:21:39.764037595,1.9935028816252793,53517
2021-03-14,0 days 00:17:45.552454459,1.909284598515725,43533
2021-03-15,0 days 00:12:36.306187125,1.7052502346476417,34394
2021-03-16,0 days 00:12:44.014251531,1.761460556339857,38031
2021-03-17,0 days 00:14:05.963816206,1.8536908427636976,47314
2021-03-18,0 days 00:13:10.462711714,1.760121259568184,22554
2021-03-19,0 days 00:15:24.175335206,1.7870839683151853,43779
2021-03-20,0 days 00:22:00.541568024,2.0918743115039025,65050
2021-03-21,0 days 00:23:29.473494693,2.1326508181591324,68873
2021-03-22,0 days 00:18:59.816617432,1.9525336083294997,56194
2021-03-23,0 days 00:17:36.152540445,2.0198895859524937,61564
2021-03-24,0 days 00:14:08.740580284,1.8570809382451297,32777
2021-03-25,0 days 00:18:08.462007207,2.020958015966179,64657
2021-03-26,0 days 00:22:19.439391188,1.9721500776198753,71615
2021-03-27,0 days 00:26:01.469284162,2.213448604706594,84712
2021-03-28,0 days 00:24:07.890283496,1.823250308863806,25256
2021-03-29,0 days 00:18:51.958819726,1.895610883817948,52598
2021-03-30,0 days 00:18:03.526755368,1.9293132587988184,65613
2021-03-31,0 days 00:16:54.799832532,1.8389046965813616,45382
2021-04-01,0 days 00:16:23.175719902,1.7957329953558223,45527
2021-04-02,0 days 00:17:02.641054376,1.7646957218999024,42831
2021-04-03,0 days 00:20:20.927341631,2.0538652445465035,61218
2021-04-04,0 days 00:23:01.968532407,2.0823117151972084,63335
2021-04-05,0 days 00:17:26.922440234,1.9674212320425264,68141
2021-04-06,0 days 00:18:42.283397835,2.009843556627853,76225
2021-04-07,0 days 00:18:19.612602986,2.0186141621650053,77680
2021-04-08,0 days 00:19:18.607710417,2.0449013465954953,81552
2021-04-09,0 days 00:19:04.192016073,1.9794746818954627,68187
2021-04-10,0 days 00:25:07.617927759,2.134874793933802,87596
2021-04-11,0 days 00:16:37.589123416,1.7224471867104783,20135
2021-04-12,0 days 00:14:22.164442595,1.7643982757150587,33647
2021-04-13,0 days 00:18:15.882158562,2.025374143805126,78682
2021-04-14,0 days 00:17:18.682286270,2.0185743006608656,80113
2021-04-15,0 days 00:15:39.438665536,1.8576136112830515,33032
2021-04-16,0 days 00:15:48.444592183,1.8840023063582643,59414
2021-04-17,0 days 00:22:00.283712649,2.0811907975515345,77508
2021-04-18,0 days 00:21:53.050674502,2.1066597742330235,80652
2021-04-19,0 days 00:17:22.090712328,1.9780699152546373,73000
2021-04-20,0 days 00:19:44.703846633,2.027593371252892,96136
2021-04-21,0 days 00:15:19.080580920,1.897397636607833,61764
2021-04-22,0 days 00:14:21.584753331,1.8405608348080174,57101
2021-04-23,0 days 00:17:59.432246687,1.9729198406412365,82793
2021-04-24,0 days 00:24:21.767114074,2.1928783885860224,104081
2021-04-25,0 days 00:20:15.348231230,1.930408643679154,58487
2021-04-26,0 days 00:16:15.816726673,1.9508463153863498,71658
2021-04-27,0 days 00:16:28.512893334,1.9965051336320552,79576
2021-04-28,0 days 00:19:05.669746389,2.0533109617856193,96329
2021-04-29,0 days 00:16:01.555557129,1.9228757452752705,70576
2021-04-30,0 days 00:17:24.537060215,1.9145508262746183,80693
2021-05-01,0 days 00:23:02.897145626,2.1177118865966054,92840
2021-05-02,0 days 00:24:02.821306207,2.0974651380325597,93982
2021-05-03,0 days 00:15:11.553221219,1.907609047261647,60831
2021-05-04,0 days 00:17:45.509837497,2.004481434523545,87014
2021-05-05,0 days 00:14:38.032442863,1.8781174894210126,49749
2021-05-06,0 days 00:18:12.138966622,2.0197595873180743,93267
2021-05-07,0 days 00:16:28.692425770,1.9800019804897893,91204
2021-05-08,0 days 00:17:30.490871667,1.8989079191874152,59759
2021-05-09,0 days 00:18:15.549299472,1.9894124456293882,53317
2021-05-10,0 days 00:14:57.700345641,1.9188926741815406,71172
2021-05-11,0 days 00:15:51.862627555,1.9895167862634613,89079
2021-05-12,0 days 00:16:27.424618401,2.0003288467376326,94864
2021-05-13,0 days 00:17:42.388377656,2.021486805866044,100737
2021-05-14,0 days 00:19:06.716893276,2.025033290099139,107380
2021-05-15,0 days 00:22:32.919728954,2.1339889987966454,118947
2021-05-16,0 days 00:22:26.857439930,2.0687739040846203,97138
2021-05-17,0 days 00:18:43.338924342,2.0054839240804867,95272
2021-05-18,0 days 00:17:55.830560829,2.027546503812415,105861
2021-05-19,0 days 00:18:00.341316220,2.02357921248711,109860
2021-05-20,0 days 00:17:20.744710925,2.0296193381114795,108242
2021-05-21,0 days 00:18:34.000354270,2.02924809772866,112908
2021-05-22,0 days 00:21:52.433598174,2.085807198911914,116548
2021-05-23,0 days 00:22:23.200780705,2.0545350739270156,107595
2021-05-24,0 days 00:16:31.568505966,1.9572981690280753,89255
2021-05-25,0 days 00:17:08.674269535,2.0200777724896013,107021
2021-05-26,0 days 00:17:35.787005822,1.9792715130818124,97890
2021-05-27,0 days 00:17:50.320091985,2.0089074749600955,112627
2021-05-28,0 days 00:16:30.959219745,1.8788993825193696,62800
2021-05-29,0 days 00:16:03.193319804,1.708541262713346,30059
2021-05-30,0 days 00:15:42.731056322,1.6163969501047075,17684
2021-05-31,0 days 00:20:26.630888498,2.0153791671920622,89263
2021-06-01,0 days 00:22:21.921846283,1.990597070402941,99573
2021-06-02,0 days 00:24:24.397358200,2.0025659474899005,106594
2021-06-03,0 days 00:22:40.902609639,1.8865220450870286,70048
2021-06-04,0 days 00:22:29.897027098,1.9351685385910433,86683
2021-06-05,0 days 00:44:01.132526051,2.061585808746958,121395
2021-06-06,0 days 00:35:38.375731902,1.9961634857717825,106230
2021-06-07,0 days 00:27:58.417806125,1.9315325626076483,98146
2021-06-08,0 days 00:22:06.817861198,1.869690867001119,74855
2021-06-09,0 days 00:26:51.364969617,1.9367341054733211,112234
2021-06-10,0 days 00:28:01.714102215,1.978516414443037,121449
2021-06-11,0 days 00:32:07.334766329,1.9305049204088502,108165
2021-06-12,0 days 00:37:29.263368367,2.063145125064275,117030
2021-06-13,0 days 00:35:44.515307166,2.036234169585134,102599
2021-06-14,0 days 00:30:36.789533453,1.8883734567440982,84536
2021-06-15,0 days 00:31:11.515555555,2.0014353380888132,119250
2021-06-16,0 days 00:25:26.749973424,2.0021560402464402,122295
2021-06-17,0 days 00:23:37.853589319,1.9794583087029798,121569
2021-06-18,0 days 00:28:16.319535362,1.958426211061138,123279
2021-06-19,0 days 00:29:37.999033313,2.003417315897669,107584
2021-06-20,0 days 00:31:13.753478774,2.0211254820698485,107581
2021-06-21,0 days 00:23:10.570707318,1.9084562432501517,102005
2021-06-22,0 days 00:16:03.145576233,1.848746127083967,75603
2021-06-23,0 days 00:17:49.790287190,1.9808423261823482,123507
2021-06-24,0 days 00:18:08.604281705,1.9831152476813134,120793
2021-06-25,0 days 00:17:58.385861182,1.964147656174393,116700
2021-06-26,0 days 00:22:11.374364054,2.002611606434038,119114
2021-06-27,0 days 00:22:58.243510383,1.9694701926903773,110176
2021-06-28,0 days 00:17:41.945155411,1.8660059212938713,98770
2021-06-29,0 days 00:16:42.368275021,1.848808887219779,103439
2021-06-30,0 days 00:16:12.619804085,1.8004584437875164,96879
2021-07-01,0 days 00:15:28.163570084,1.8033118932484165,68032
2021-07-02,0 days 00:17:41.332297819,1.8274407706477818,78222
2021-07-03,0 days 00:18:55.099334364,1.844709994069057,68506
2021-07-04,0 days 00:25:04.079715708,2.0156484923234,101586
2021-07-05,0 days 00:21:58.916023826,1.9942329893721447,97873
2021-07-06,0 days 00:16:33.396486469,1.8435405521936528,77415
2021-07-07,0 days 00:16:49.604881554,1.8896225804913507,102959
2021-07-08,0 days 00:15:39.317347456,1.8300164546457691,74962
2021-07-09,0 days 00:18:01.404396443,1.8524752539245388,86388
2021-07-10,0 days 00:21:03.175577123,2.019803847386791,109422
2021-07-11,0 days 00:24:09.191367865,1.9767458866191616,103497
2021-07-12,0 days 00:16:13.337780555,1.8688518403630945,87995
2021-07-13,0 days 00:17:07.163652905,1.923291753479589,105516
2021-07-14,0 days 00:16:29.327626790,1.9069371429605224,110458
2021-07-15,0 days 00:16:48.577101204,1.8942447561394051,112495
2021-07-16,0 days 00:18:25.546375473,1.8673727464951437,108290
2021-07-17,0 days 00:23:32.061526139,1.890839038479711,82404
2021-07-18,0 days 00:22:24.970888457,1.9681508278018005,99926
2021-07-19,0 days 00:17:24.141322643,1.9123012679008096,102779
2021-07-20,0 days 00:16:52.448329002,1.8987383333361312,111610
2021-07-21,0 days 00:17:50.200270312,1.9042542128250282,108763
2021-07-22,0 days 00:19:55.697280145,1.9159915120976965,118499
2021-07-23,0 days 00:18:00.037627630,1.8912049868603709,112630
2021-07-24,0 days 00:23:35.631208334,1.9760517265434476,125255
2021-07-25,0 days 00:19:55.472000734,1.9213269725562832,98074
2021-07-26,0 days 00:18:06.103889928,1.855496817873544,98845
2021-07-27,0 days 00:16:35.993184214,1.8592734599372218,106224
2021-07-28,0 days 00:16:46.981715230,1.9113275545701558,112498
2021-07-29,0 days 00:16:27.440623398,1.7894699010702693,76099
2021-07-30,0 days 00:17:58.918520182,1.8932299904818293,115771
2021-07-31,0 days 00:20:56.761583320,2.00802998455298,121921
2021-08-01,0 days 00:20:05.879075613,1.9241004699995876,94679
2021-08-02,0 days 00:16:48.164485347,1.89954830502336,103225
2021-08-03,0 days 00:16:34.765114529,1.905976020229083,108968
2021-08-04,0 days 00:16:25.015653893,1.8993421678805589,109238
2021-08-05,0 days 00:16:34.421172837,1.896441940424484,109461
2021-08-06,0 days 00:17:44.127395169,1.8606838767550757,109439
2021-08-07,0 days 00:21:28.625885863,1.9875599736406824,115283
2021-08-08,0 days 00:20:20.891359366,1.8789221374210638,75469
2021-08-09,0 days 00:16:48.423858762,1.8654131684468065,96518
2021-08-10,0 days 00:16:49.028752993,1.8447279440380842,92686
2021-08-11,0 days 00:17:11.850056162,1.8219856585884069,97930
2021-08-12,0 days 00:16:37.873344155,1.8112369254318685,99798
2021-08-13,0 days 00:17:42.209534805,1.7910945571413361,98733
2021-08-14,0 days 00:20:15.128832874,1.9440244389106036,111796
2021-08-15,0 days 00:20:48.323378321,1.941383014468,108622
2021-08-16,0 days 00:20:35.990462416,1.8637196843144932,102332
2021-08-17,0 days 00:16:16.344801265,1.8709069791028805,107430
2021-08-18,0 days 00:16:11.988989120,1.860626856590511,106531
2021-08-19,0 days 00:16:02.944980639,1.8559953936454099,104854
2021-08-20,0 days 00:17:17.759105830,1.8520034655900408,102352
2021-08-21,0 days 00:21:48.360512884,1.941311788252244,96396
2021-08-22,0 days 00:17:39.167476187,1.6882408108729021,15853
2021-08-23,0 days 00:17:01.390445089,1.7665557516497505,76861
2021-08-24,0 days 00:18:06.298535049,1.8661306130524673,109287
2021-08-25,0 days 00:17:04.487251089,1.8472018916271233,106715
2021-08-26,0 days 00:16:50.863658282,1.8386481167624071,103688
2021-08-27,0 days 00:16:45.163329951,1.7758864282280782,88710
2021-08-28,0 days 00:20:35.416255378,1.9259397288879454,104347
2021-08-29,0 days 00:20:29.302025800,1.952019964261849,102478
2021-08-30,0 days 00:16:13.642016308,1.8384172382722992,101175
2021-08-31,0 days 00:16:07.371042784,1.8673649320119494,111979
2021-09-01,0 days 00:14:55.191761671,1.6759736573877075,50787
2021-09-02,0 days 00:19:25.307017197,2.0751583196478953,126475
2021-09-03,0 days 00:18:31.196145055,1.9371190447625124,115073
2021-09-04,0 days 00:21:49.906934758,2.0072951364977984,109117
2021-09-05,0 days 00:20:35.316329562,1.9255740290673737,87510
2021-09-06,0 days 00:21:24.684484234,1.9495727471879527,106337
2021-09-07,0 days 00:17:00.278423597,1.896479046662312,106927
2021-09-08,0 days 00:16:01.678104228,1.8749485190483255,113136
2021-09-09,0 days 00:15:15.979550312,1.7829266756881517,77654
2021-09-10,0 days 00:17:42.391120974,1.885789732515226,126613
2021-09-11,0 days 00:21:40.862456676,2.0251044314073208,133587
2021-09-12,0 days 00:21:09.764058074,1.9590547250186696,117228
2021-09-13,0 days 00:18:39.649137207,1.8677973059110484,105993
2021-09-14,0 days 00:16:21.577683997,1.9054867889026457,118480
2021-09-15,0 days 00:16:32.422225601,1.8752264233194749,118368
2021-09-16,0 days 00:15:53.163913642,1.8512402589610184,109637
2021-09-17,0 days 00:16:31.115747524,1.847344654906271,111916
2021-09-18,0 days 00:20:20.876174278,1.9720557925499045,124651
2021-09-19,0 days 00:20:20.031733493,1.9940643754717138,116470
2021-09-20,0 days 00:15:57.874407648,1.8841730366619929,109099
2021-09-21,0 days 00:16:20.968986223,1.8951598558241685,113240
2021-09-22,0 days 00:15:27.758392280,1.8743938704992258,113378
2021-09-23,0 days 00:15:16.251458347,1.7868044403558319,86742
2021-09-24,0 days 00:16:55.670943305,1.870556169091684,115901
2021-09-25,0 days 00:21:02.129871478,1.9964356029769768,125193
2021-09-26,0 days 00:20:16.149903134,1.9589561471400798,113560
2021-09-27,0 days 00:16:17.758901236,1.8714062272938738,106811
2021-09-28,0 days 00:15:32.737277076,1.8541698747257291,96558
2021-09-29,0 days 00:16:44.497373045,1.8887943980379005,111536
2021-09-30,0 days 00:16:22.189495749,1.868858458839505,112583
2021-10-01,0 days 00:18:12.511784715,1.8583870230193116,115828
2021-10-02,0 days 00:21:05.923956556,1.9894590960609402,120155
2021-10-03,0 days 00:20:49.466510932,1.960289293807185,108304
2021-10-04,0 days 00:15:22.175118525,1.7480740495074412,73613
2021-10-05,0 days 00:16:24.239724050,1.8521698104152722,103932
2021-10-06,0 days 00:16:41.388625378,1.8695378359974268,110685
2021-10-07,0 days 00:16:30.706194997,1.8952333062480444,115335
2021-10-08,0 days 00:19:36.747349060,1.8694485484743342,115808
2021-10-09,0 days 00:21:18.481261159,1.9166817288206832,108091
2021-10-10,0 days 00:18:40.293546248,1.7839835748231883,69386
2021-10-11,0 days 00:17:49.502154086,1.840499885038647,97257
2021-10-12,0 days 00:17:37.147303211,1.8521172804299286,108314
2021-10-13,0 days 00:16:04.697578516,1.8531156660911343,109850
2021-10-14,0 days 00:18:13.867515781,1.8907620892036427,116278
2021-10-15,0 days 00:19:31.554312869,1.8647234542016637,118471
2021-10-16,0 days 00:20:30.031266688,1.8909980761040133,99243
2021-10-17,0 days 00:18:58.037816420,1.889907930837337,90860
2021-10-18,0 days 00:14:36.630838124,1.7600782108017596,87314
2021-10-19,0 days 00:15:31.476637567,1.8387435739751128,100118
2021-10-20,0 days 00:15:39.659739703,1.8711783372375488,112026
2021-10-21,0 days 00:16:38.720391439,1.8803304811034227,113734
2021-10-22,0 days 00:17:01.250773050,1.8456950056367536,111571
2021-10-23,0 days 00:18:59.836147927,1.8404895945647441,91369
2021-10-24,0 days 00:19:21.212737685,1.8459330864195327,85039
2021-10-25,0 days 00:17:39.431646582,1.8495177129497387,92446
2021-10-26,0 days 00:14:38.851713006,1.679456451176041,48015
2021-10-27,0 days 00:15:58.538168717,1.8063872774069911,97986
2021-10-28,0 days 00:15:45.922315247,1.82862852752649,100689
2021-10-29,0 days 00:16:29.486529011,1.7079696140919947,82622
2021-10-30,0 days 00:18:48.411254262,1.8065420117118536,79170
2021-10-31,0 days 00:22:14.341518325,1.863828296753723,85726
2021-11-01,0 days 00:15:45.616886955,1.801911384591035,89655
2021-11-02,0 days 00:15:25.917245293,1.7382791115056455,82811
2021-11-03,0 days 00:15:02.679517299,1.7844269670760815,87259
2021-11-04,0 days 00:15:07.903076097,1.7740309154434042,85758
2021-11-05,0 days 00:17:06.410725669,1.776662787840615,86279
2021-11-06,0 days 00:19:31.380018663,1.8862436367246922,84659
2021-11-07,0 days 00:19:35.620382968,1.8555277118854776,79380
2021-11-08,0 days 00:17:19.263824477,1.8401212201877113,84958
2021-11-09,0 days 00:17:24.462734717,1.8799292971135453,96712
2021-11-10,0 days 00:16:14.416070064,1.8828146937833599,98195
2021-11-11,0 days 00:16:22.918224374,1.8542290162784256,92925
2021-11-12,0 days 00:16:22.694162200,1.7717666349220302,69975
2021-11-13,0 days 00:21:25.348079748,1.8178231935948637,71475
2021-11-14,0 days 00:17:44.911224344,1.8021825432094905,63193
2021-11-15,0 days 00:14:20.215322061,1.7194858297497888,68372
2021-11-16,0 days 00:16:14.649883540,1.7808387593251744,77280
2021-11-17,0 days 00:17:02.996037590,1.8171112506584008,85554
2021-11-18,0 days 00:16:47.636069798,1.8917913474964243,94672
2021-11-19,0 days 00:15:24.441989472,1.7447495392434509,74090
2021-11-20,0 days 00:18:58.981438882,1.8047515728066659,69554
2021-11-21,0 days 00:18:34.609608002,1.8422300227874355,65383
2021-11-22,0 days 00:16:54.882658832,1.7451749997197972,63652
2021-11-23,0 days 00:14:38.691148837,1.6980576166878707,61201
2021-11-24,0 days 00:15:16.336083550,1.6743112165115115,57450
2021-11-25,0 days 00:23:42.767083404,1.7736729437267222,35034
2021-11-26,0 days 00:16:31.278317961,1.6295583149082025,31985
2021-11-27,0 days 00:18:21.932636810,1.639324186187195,37424
2021-11-28,0 days 00:15:41.795151224,1.640110398335067,41660
2021-11-29,0 days 00:14:36.891375983,1.6918501955587142,58569
2021-11-30,0 days 00:13:11.202259622,1.688060369937484,64170
2021-12-01,0 days 00:13:56.516391338,1.7542534303311008,74033
2021-12-02,0 days 00:16:26.425165696,1.8106996586316852,79362
2021-12-03,0 days 00:14:58.640545567,1.7164901049368597,72585
2021-12-04,0 days 00:19:23.105955018,1.8029891297988287,68161
2021-12-05,0 days 00:16:29.926074645,1.807240777118772,62509
2021-12-06,0 days 00:15:08.659954233,1.7779241428865127,67735
2021-12-07,0 days 00:12:56.374213040,1.7220848027366857,67189
2021-12-08,0 days 00:14:17.239206994,1.6935380628214203,65876
2021-12-09,0 days 00:12:56.952654275,1.6875424323817778,66553
2021-12-10,0 days 00:14:18.546201367,1.7311704525877012,75593
2021-12-11,0 days 00:18:54.761846220,1.8163534631492866,64261
2021-12-12,0 days 00:24:21.411631164,1.7814895767317627,62109
2021-12-13,0 days 00:17:02.011215391,1.7264056638475354,68299
2021-12-14,0 days 00:18:24.270438423,1.7442309459321408,75703
2021-12-15,0 days 00:18:09.429571973,1.7502983011360467,73103
2021-12-16,0 days 00:17:40.602069299,1.7892634890274284,80607
2021-12-17,0 days 00:20:14.351957454,1.751645061696854,78035
2021-12-18,0 days 00:19:07.601498241,1.6569162384004312,39513
2021-12-19,0 days 00:20:28.682411312,1.653711314349836,40310
2021-12-20,0 days 00:15:44.207619675,1.6185241836893631,45540
2021-12-21,0 days 00:15:52.069184118,1.6586061841427029,50951
2021-12-22,0 days 00:16:55.094261317,1.6391603992400055,41926
2021-12-23,0 days 00:15:09.421252785,1.5921656151898185,41284
2021-12-24,0 days 00:18:03.713049586,1.5683564637355967,31319
2021-12-25,0 days 00:32:23.432890405,1.6898480937344587,16406
2021-12-26,0 days 00:30:13.628257239,1.7182028202710384,31737
2021-12-27,0 days 00:24:12.865687236,1.600943148166239,31583
2021-12-28,0 days 00:26:54.750368296,1.7501291859661168,40728
2021-12-29,0 days 00:24:10.408059310,1.7114661374643296,39656
2021-12-30,0 days 00:25:07.323985082,1.7507129003591266,46925
2021-12-31,0 days 00:24:54.548299655,1.7677936620512935,48696
2022-01-01,0 days 00:32:11.985163914,1.734370919525121,20895
2022-01-02,0 days 00:38:26.851449111,1.806121016798166,44234
2022-01-03,0 days 00:41:24.060305925,1.5602600195180634,34126
2022-01-04,0 days 00:48:35.336149317,1.5968526015511157,37879
2022-01-05,0 days 00:34:16.477508551,1.6716057851382335,35080
2022-01-06,0 days 00:28:59.861620728,1.6678318657406817,46004
2022-01-07,0 days 00:41:36.727155510,1.5544717331636018,17838
2022-01-08,0 days 00:45:49.628755620,1.5936325343462263,25129
2022-01-09,0 days 00:36:00.615900036,1.5768091465931238,22088
2022-01-10,0 days 00:31:16.477979673,1.5904722490791028,35717
2022-01-11,0 days 00:28:31.065838868,1.4791145099887657,27704
2022-01-12,0 days 00:27:37.363723700,1.644329180377736,41636
2022-01-13,0 days 00:16:43.015212942,1.730546630928625,51798
2022-01-14,0 days 00:17:53.596109913,1.638460636656465,46837
2022-01-15,0 days 00:17:55.471602647,1.3953771541570819,23717
2022-01-16,0 days 00:18:06.217250324,1.4728766324347586,21588
2022-01-17,0 days 00:13:51.186669789,1.5631685112188984,29887
2022-01-18,0 days 00:14:21.676785106,1.6290059141941995,44045
2022-01-19,0 days 00:13:50.477054775,1.7112892666171367,55371
2022-01-20,0 days 00:14:16.750494255,1.5797852007787447,34901
2022-01-21,0 days 00:12:56.487316460,1.4392176526478704,35006
2022-01-22,0 days 00:16:01.838815191,1.5241685155126512,33018
2022-01-23,0 days 00:15:08.701777212,1.614428463463903,33817
2022-01-24,0 days 00:11:53.292996172,1.6164799137858412,42591
2022-01-25,0 days 00:12:23.615116771,1.6864922423924125,51982
2022-01-26,0 days 00:12:10.773793294,1.5656785063857432,43279
2022-01-27,0 days 00:12:11.141484309,1.5737995886386726,45058
2022-01-28,0 days 00:12:46.483351986,1.5554335093866,35740
2022-01-29,0 days 00:30:50.134608814,1.2673149763837912,2927
2022-01-30,0 days 00:25:40.977188274,1.4453409940755135,9688
2022-01-31,0 days 00:16:42.992337332,1.5982296864498013,22838
2022-02-01,0 days 00:16:03.585536625,1.6585346106701362,29993
2022-02-02,0 days 00:15:05.680828774,1.732202214534516,42955
2022-02-03,0 days 00:12:48.390407445,1.5922022206564166,27292
2022-02-04,0 days 00:14:07.370681473,1.4617267983313667,21072
2022-02-05,0 days 00:12:34.013414634,1.3977636285197073,31980
2022-02-06,0 days 00:14:36.690528816,1.4893611426277016,30313
2022-02-07,0 days 00:11:35.213185283,1.5673055799856794,31611
2022-02-08,0 days 00:12:26.898734413,1.6960932375316073,53493
2022-02-09,0 days 00:13:31.879026373,1.7103674604101802,57558
2022-02-10,0 days 00:14:22.273480749,1.7509760651378141,63584
2022-02-11,0 days 00:15:19.424053687,1.7711202508665251,66310
2022-02-12,0 days 00:20:44.750423192,1.8957152340713628,70299
2022-02-13,0 days 00:13:59.240417284,1.5371096697082136,20897
2022-02-14,0 days 00:12:31.000195902,1.4623393818782104,35732
2022-02-15,0 days 00:11:58.835503099,1.5716763313924533,41940
2022-02-16,0 days 00:12:50.494788640,1.7280962767578691,55072
2022-02-17,0 days 00:15:41.499472718,1.8448008379799188,69223
2022-02-18,0 days 00:14:19.648976387,1.6406651467093134,48407
2022-02-19,0 days 00:15:30.265598802,1.596802965476284,33400
2022-02-20,0 days 00:15:37.417722707,1.6386351571267561,31959
2022-02-21,0 days 00:16:46.243562371,1.7844127212199152,53863
2022-02-22,0 days 00:14:52.316565203,1.6780531774207201,37452
2022-02-23,0 days 00:15:43.524972497,1.8334366956459083,68175
2022-02-24,0 days 00:13:24.998630464,1.6202859781443928,46001
2022-02-25,0 days 00:13:59.039330143,1.5586691383964864,31350
2022-02-26,0 days 00:15:05.852709912,1.6710264188363222,42732
2022-02-27,0 days 00:16:38.621994061,1.749552888501381,44121
2022-02-28,0 days 00:14:17.950905604,1.6147548646076695,46930
2022-03-01,0 days 00:13:11.967526814,1.7057748881130954,57432
2022-03-02,0 days 00:13:59.776579644,1.800889045559334,68718
2022-03-03,0 days 00:13:15.230425213,1.7004991326600944,56795
2022-03-04,0 days 00:12:48.533108756,1.6119580088996979,51059
2022-03-05,0 days 00:17:18.826511054,1.7468137573625027,52695
2022-03-06,0 days 00:18:37.602255665,1.8773365597055764,55948
2022-03-07,0 days 00:15:18.996435142,1.8304121374890947,69568
2022-03-08,0 days 00:13:56.022468562,1.7327882513367756,63778
2022-03-09,0 days 00:12:37.495142599,1.5882608235007378,28822
2022-03-10,0 days 00:13:57.767401426,1.7481913320809948,67868
2022-03-11,0 days 00:16:17.022980413,1.7756523449660233,71017
2022-03-12,0 days 00:16:42.245082612,1.463519600759969,20336
2022-03-13,0 days 00:16:07.447399025,1.5728266028298359,31815
2022-03-14,0 days 00:15:43.868387395,1.7817083255743444,64895
2022-03-15,0 days 00:16:31.766312538,1.8860126996285531,80950
2022-03-16,0 days 00:16:32.669146896,1.8832266288075632,83460
2022-03-17,0 days 00:13:51.385566647,1.7333448699761747,51187
2022-03-18,0 days 00:20:02.704609378,1.9176689528568636,95284
2022-03-19,0 days 00:20:55.718265671,1.9367789596814644,79685
2022-03-20,0 days 00:19:10.683202862,1.8567288520180316,67065
2022-03-21,0 days 00:16:27.614517914,1.8455365216568647,74997
2022-03-22,0 days 00:15:18.735456794,1.849712544618739,77201
2022-03-23,0 days 00:13:53.122629562,1.7179796205750242,62383
2022-03-24,0 days 00:12:22.650663942,1.6598939231340542,46992
2022-03-25,0 days 00:16:01.370306369,1.8025283924565199,76966
2022-03-26,0 days 00:17:19.676602624,1.7915528704280121,63708
2022-03-27,0 days 00:16:58.580700893,1.7041590589545412,46883
2022-03-28,0 days 00:12:51.941689846,1.546813782895029,39187
2022-03-29,0 days 00:12:17.293322606,1.6135410600519147,49720
2022-03-30,0 days 00:12:57.970612140,1.713184918275896,62747
2022-03-31,0 days 00:14:25.493544956,1.8065172524871875,74283
2022-04-01,0 days 00:14:42.796865212,1.733678826156398,70244
2022-04-02,0 days 00:19:35.206969236,1.8826604020306477,74958
2022-04-03,0 days 00:15:24.591978778,1.6880243968853568,38074
2022-04-04,0 days 00:14:16.762703230,1.8010574304157707,70671
2022-04-05,0 days 00:13:56.679027805,1.8098964643126496,74265
2022-04-06,0 days 00:13:53.019448295,1.701024169021322,49773
2022-04-07,0 days 00:12:16.665334582,1.679128593108868,36284
2022-04-08,0 days 00:17:53.511380059,1.8438160711550113,90641
2022-04-09,0 days 00:18:17.597279502,1.8343451167106657,69105
2022-04-10,0 days 00:17:00.405666012,1.7652180494635332,58595
2022-04-11,0 days 00:15:23.383321916,1.8161474001040385,77371
2022-04-12,0 days 00:18:40.319914346,2.0811169057764674,95735
2022-04-13,0 days 00:17:39.486056962,1.9650318975131575,100803
2022-04-14,0 days 00:17:31.697648870,1.9061315806427874,92849
2022-04-15,0 days 00:19:42.043065621,1.9150577966535276,102100
2022-04-16,0 days 00:20:52.646829361,1.959510262950235,84084
2022-04-17,0 days 00:18:47.438040916,1.8182125104210092,55577
2022-04-18,0 days 00:14:10.620459509,1.713529070424195,57235
2022-04-19,0 days 00:14:08.900843253,1.7144355827850215,60480
2022-04-20,0 days 00:16:16.186167784,1.8335663425743112,87636
2022-04-21,0 days 00:15:09.520438871,1.819052289974038,79750
2022-04-22,0 days 00:18:10.792080395,1.9287929167637428,100005
2022-04-23,0 days 00:20:53.367252620,1.962200653424664,96936
2022-04-24,0 days 00:20:24.828686098,1.9570331217752592,85463
2022-04-25,0 days 00:14:54.703325218,1.8223008599270563,74762
2022-04-26,0 days 00:14:00.354480035,1.8321946096561992,76986
2022-04-27,0 days 00:14:34.869639611,1.8118536746041465,84742
2022-04-28,0 days 00:14:12.576949731,1.7840496952145632,80806
2022-04-29,0 days 00:16:28.492283950,1.8323903488364677,89424
2022-04-30,0 days 00:20:22.199608666,2.0006888801342813,104259
2022-05-01,0 days 00:23:03.825423241,2.0002704135400817,97344
2022-05-02,0 days 00:14:07.125611339,1.7305056364579112,56229
2022-05-03,0 days 00:15:44.629688336,1.8697348671326832,95263
2022-05-04,0 days 00:14:48.045486174,1.8315798622185475,81915
2022-05-05,0 days 00:16:19.329400144,1.9271679457449853,113394
2022-05-06,0 days 00:13:10.682306481,1.6075130506940092,36211
2022-05-07,0 days 00:13:37.030322974,1.5027193118179678,21271
2022-05-08,0 days 00:16:13.801599876,1.7767624163619524,65005
2022-05-09,0 days 00:15:34.716200586,1.8633119349482634,96836
2022-05-10,0 days 00:15:19.241915856,1.8936378546834118,107649
2022-05-11,0 days 00:16:06.420186087,1.9055007528538996,110056
2022-05-12,0 days 00:16:11.116473848,1.9171476515119137,113665
2022-05-13,0 days 00:16:19.832222673,1.8245934396454622,98440
2022-05-14,0 days 00:19:23.853023153,1.8939458127553108,81802
2022-05-15,0 days 00:22:08.586946566,2.0001272013876674,111373
2022-05-16,0 days 00:16:22.791722968,1.8018940527048837,81406
2022-05-17,0 days 00:17:29.949574666,1.9172006028009099,120376
2022-05-18,0 days 00:17:20.700016611,1.926915386561001,120400
2022-05-19,0 days 00:16:32.642065063,1.8612390699864552,92433
2022-05-20,0 days 00:17:43.467227275,1.8252182387557023,87405
2022-05-21,0 days 00:23:01.128853721,1.96346396796733,118165
2022-05-22,0 days 00:23:01.631152178,1.9063552820150342,106060
2022-05-23,0 days 00:18:33.564997110,1.8934783870845744,103820
2022-05-24,0 days 00:17:05.736038764,1.898437363580059,107315
2022-05-25,0 days 00:17:10.683565850,1.9270674015914142,116909
2022-05-26,0 days 00:17:10.426715391,1.9265659211854007,113837
2022-05-27,0 days 00:17:36.855530350,1.8640517965272727,91251
2022-05-28,0 days 00:21:29.614042944,1.9240470652861028,84854
2022-05-29,0 days 00:24:19.968382799,2.0511280247518853,103741
2022-05-30,0 days 00:22:43.025247534,1.9906314825293945,103218
2022-05-31,0 days 00:17:38.260594228,1.8629599390991542,102957
2022-06-01,0 days 00:15:57.254040292,1.8380572727092357,90340
2022-06-02,0 days 00:18:11.130785046,1.8762286594362074,101166
2022-06-03,0 days 00:18:16.238960200,1.8870702748428536,123870
2022-06-04,0 days 00:22:03.249542338,1.9933576488240115,130555
2022-06-05,0 days 00:21:56.947390579,2.0073511972983398,118762
2022-06-06,0 days 00:17:55.501871565,1.8973449440128696,113007
2022-06-07,0 days 00:17:02.808009754,1.861014256768258,106620
2022-06-08,0 days 00:17:29.322724840,1.9318382665902154,127068
2022-06-09,0 days 00:17:15.182774161,1.8945349401540117,117823
2022-06-10,0 days 00:18:48.971251404,1.925777983678759,125467
2022-06-11,0 days 00:22:33.434119723,1.988669071251177,118389
2022-06-12,0 days 00:19:56.610794534,1.9037060625461386,92658
2022-06-13,0 days 00:17:40.649382090,1.888065785612762,114418
2022-06-14,0 days 00:16:58.101431425,1.9154461079336031,126657
2022-06-15,0 days 00:17:15.295187059,1.9123480316945876,131188
2022-06-16,0 days 00:16:55.552441488,1.852951378103853,104936
2022-06-17,0 days 00:19:25.724766237,1.8571326470844778,122881
2022-06-18,0 days 00:20:10.008497416,1.9439086926640592,111681
2022-06-19,0 days 00:22:18.452294641,1.999593587538817,108688
2022-06-20,0 days 00:19:33.246389429,1.9297840393655175,117156
2022-06-21,0 days 00:16:36.419738336,1.853131780916856,102116
2022-06-22,0 days 00:15:12.070011728,1.8337459627139627,97198
2022-06-23,0 days 00:16:11.602696837,1.8837762697841136,120734
2022-06-24,0 days 00:18:09.719017587,1.899420727861824,127645
2022-06-25,0 days 00:21:27.637986612,1.980452830215953,121606
2022-06-26,0 days 00:23:41.573432343,1.924462256398324,109080
2022-06-27,0 days 00:16:58.892939052,1.7982292661084898,81972
2022-06-28,0 days 00:17:31.303002124,1.9246039206746555,124745
2022-06-29,0 days 00:16:49.219513952,1.9074819016334916,124885
2022-06-30,0 days 00:16:41.920926303,1.8847853703946948,119572
2022-07-01,0 days 00:17:36.597885684,1.8420474812410537,106512
2022-07-02,0 days 00:22:39.604200216,1.8850888489033673,91281
2022-07-03,0 days 00:23:50.855762227,1.9657712516214072,91987
2022-07-04,0 days 00:25:58.617839942,1.9402932520475238,97590
2022-07-05,0 days 00:16:59.611501115,1.8213965374384107,91452
2022-07-06,0 days 00:17:15.802431114,1.8814008991156974,116243
2022-07-07,0 days 00:17:46.279027201,1.8899709112454257,118010
2022-07-08,0 days 00:16:41.696719369,1.8300614463313487,101322
2022-07-09,0 days 00:20:29.422052570,1.9707603573848882,126534
2022-07-10,0 days 00:21:19.283285904,1.9773528672593197,118774
2022-07-11,0 days 00:18:34.269260944,1.886255269800201,114714
2022-07-12,0 days 00:16:21.598113879,1.8439507481294684,115157
2022-07-13,0 days 00:17:07.733546783,1.871287115946678,124307
2022-07-14,0 days 00:16:23.998829332,1.8684921430725123,123861
2022-07-15,0 days 00:17:30.233380020,1.8682473186757496,122804
2022-07-16,0 days 00:20:46.325334821,1.9592585817684207,114688
2022-07-17,0 days 00:20:16.985188820,1.9617652990636671,114103
2022-07-18,0 days 00:15:08.040639248,1.7727153550842245,85976
2022-07-19,0 days 00:17:13.915271415,1.8653302186976906,123335
2022-07-20,0 days 00:16:07.723659066,1.8415956971493757,121408
2022-07-21,0 days 00:15:42.111424805,1.8230175192006446,112282
2022-07-22,0 days 00:16:06.852336545,1.8052152747606949,115384
2022-07-23,0 days 00:19:52.157521022,1.904506214655563,110836
2022-07-24,0 days 00:18:22.622978922,1.8696992679867768,102668
2022-07-25,0 days 00:15:34.544149910,1.7946863506969466,99366
2022-07-26,0 days 00:15:39.805582847,1.8859332912112339,126208
2022-07-27,0 days 00:17:05.819426548,1.8877043284736157,128834
2022-07-28,0 days 00:15:46.614797246,1.8406286040203617,121009
2022-07-29,0 days 00:17:22.922577807,1.8242707009458976,118209
2022-07-30,0 days 00:19:53.704791747,1.9667018880923632,126697
2022-07-31,0 days 00:19:37.408748349,1.9370406047186914,115839
2022-08-01,0 days 00:17:05.133800727,1.8223128107015005,101128
2022-08-02,0 days 00:17:00.865965475,1.8621834906562547,124550
2022-08-03,0 days 00:16:33.074948697,1.8746211283489922,128648
2022-08-04,0 days 00:16:25.991302559,1.8339996716938634,121530
2022-08-05,0 days 00:18:23.186380080,1.8188094278781828,117754
2022-08-06,0 days 00:22:27.341585685,1.9800021705175581,126469
2022-08-07,0 days 00:19:01.806360214,1.862637482937938,97764
2022-08-08,0 days 00:18:08.399184008,1.7840225158568566,107354
2022-08-09,0 days 00:16:21.124945538,1.7810040183532219,112465
2022-08-10,0 days 00:16:45.642132478,1.843491424800987,127251
2022-08-11,0 days 00:16:32.808054411,1.8423408749225927,117476
2022-08-12,0 days 00:18:51.117037435,1.8575923568101818,126404
2022-08-13,0 days 00:24:28.575034588,2.089247054051936,135884
2022-08-14,0 days 00:22:38.020253979,1.9551671982231107,114891
2022-08-15,0 days 00:18:10.319579927,1.8689710044817782,115123
2022-08-16,0 days 00:17:20.374934564,1.9125340993020494,126078
2022-08-17,0 days 00:15:51.469221272,1.8936604341521062,123933
2022-08-18,0 days 00:16:36.099620116,1.8952788599578516,125828
2022-08-19,0 days 00:17:24.810059993,1.8833730937772049,124513
2022-08-20,0 days 00:22:37.857836401,2.087735029770383,132446
2022-08-21,0 days 00:20:34.028103332,1.949389757366115,113652
2022-08-22,0 days 00:15:06.010707387,1.7778164899543314,88537
2022-08-23,0 days 00:16:25.263576560,1.8657616795313305,122067
2022-08-24,0 days 00:17:00.648980720,1.878256179142509,126560
2022-08-25,0 days 00:16:59.753537164,1.8719440293577205,123828
2022-08-26,0 days 00:16:56.810405966,1.8458894975767983,111955
2022-08-27,0 days 00:21:11.892141908,1.9663145972095397,121289
2022-08-28,0 days 00:19:55.138046379,1.9362870271515344,110912
2022-08-29,0 days 00:16:22.954736577,1.8476460952858487,111304
2022-08-30,0 days 00:15:29.483727937,1.8327548253383619,116826
2022-08-31,0 days 00:15:45.676719993,1.867242579236059,126890
2022-09-01,0 days 00:17:10.774338440,1.864858512188372,125121
2022-09-02,0 days 00:18:35.757445173,1.8781557709960046,119742
2022-09-03,0 days 00:21:51.899401024,1.972287861655037,110856
2022-09-04,0 days 00:22:06.214266163,1.952694045255352,102298
2022-09-05,0 days 00:20:55.653082982,1.8560894234945857,96611
2022-09-06,0 days 00:13:52.392785714,1.6531176715870153,42000
2022-09-07,0 days 00:15:26.387311957,1.8303835776107853,116330
2022-09-08,0 days 00:16:33.066908507,1.8785785187816544,138383
2022-09-09,0 days 00:17:12.974472298,1.8622121242335068,137341
2022-09-10,0 days 00:21:01.644305197,1.9701168059934993,138363
2022-09-11,0 days 00:17:40.643944835,1.8469228872670997,69610
2022-09-12,0 days 00:15:35.201384784,1.8422974841493942,118430
2022-09-13,0 days 00:15:47.688812718,1.8625288383619905,125741
2022-09-14,0 days 00:16:14.778948658,1.877841473881588,138737
2022-09-15,0 days 00:16:49.666367640,1.87756264857866,135997
2022-09-16,0 days 00:17:25.463382905,1.8696057172831233,135292
2022-09-17,0 days 00:21:01.469792451,1.973880143809982,134089
2022-09-18,0 days 00:21:41.039355948,1.934511991460926,119804
2022-09-19,0 days 00:16:22.504331133,1.8029455372740006,105746
2022-09-20,0 days 00:16:17.353516078,1.8784869272109423,133629
2022-09-21,0 days 00:16:25.115106288,1.8919794287872826,137221
2022-09-22,0 days 00:15:45.479550929,1.8041384887058518,105017
2022-09-23,0 days 00:15:59.630725911,1.789427956628861,116488
2022-09-24,0 days 00:19:55.336075296,1.946691256202715,116340
2022-09-25,0 days 00:19:45.832160229,1.8472489192939736,89222
2022-09-26,0 days 00:16:25.804528343,1.829657949423678,108384
2022-09-27,0 days 00:15:36.035092703,1.857305805100969,119683
2022-09-28,0 days 00:15:22.116368467,1.8628637048107572,127208
2022-09-29,0 days 00:15:02.918164328,1.8526563984105906,124750
2022-09-30,0 days 00:15:46.532058303,1.7987626966555579,118690
2022-10-01,0 days 00:16:11.527168794,1.7485016648540472,61578
2022-10-02,0 days 00:15:04.039106250,1.687496734091209,53214
2022-10-03,0 days 00:13:45.364216687,1.62593334154305,50912
2022-10-04,0 days 00:12:54.761113179,1.6308491097255184,53720
2022-10-05,0 days 00:13:16.181300733,1.7097603128246128,71329
2022-10-06,0 days 00:16:06.790389005,1.8760478319106548,127479
2022-10-07,0 days 00:17:37.817161123,1.8459252015642347,127008
2022-10-08,0 days 00:20:27.181172428,1.8972726405333267,103614
2022-10-09,0 days 00:19:43.584740145,1.9273473723684933,96554
2022-10-10,0 days 00:16:39.369705968,1.842426717276316,99003
2022-10-11,0 days 00:15:27.828127171,1.8766749951599893,115120
2022-10-12,0 days 00:15:22.075841450,1.8478423652146008,121754
2022-10-13,0 days 00:13:55.265578105,1.7472316988914387,75635
2022-10-14,0 days 00:16:16.666038230,1.842191591584426,118283
2022-10-15,0 days 00:20:25.120702291,1.950006266175591,121431
2022-10-16,0 days 00:18:59.957434749,1.9189431133952004,104099
2022-10-17,0 days 00:15:31.585380546,1.7846074586233378,91303
2022-10-18,0 days 00:14:09.647839414,1.7954007865878892,104069
2022-10-19,0 days 00:14:14.464845804,1.784487330158457,102662
2022-10-20,0 days 00:14:15.230020653,1.811847496572683,107486
2022-10-21,0 days 00:15:37.625922740,1.808788670015637,111624
2022-10-22,0 days 00:19:38.785455497,1.9512174089006633,114545
2022-10-23,0 days 00:16:36.201452487,1.778168044912283,68572
2022-10-24,0 days 00:16:22.907573099,1.710205539205836,68400
2022-10-25,0 days 00:14:10.181114856,1.831409532176392,101466
2022-10-26,0 days 00:14:39.802190693,1.8407121593054117,115945
2022-10-27,0 days 00:14:50.236058995,1.82856565597277,119127
2022-10-28,0 days 00:14:33.946556317,1.7540085359760411,109592
2022-10-29,0 days 00:18:17.304020332,1.8650959119911446,108200
2022-10-30,0 days 00:18:22.086437183,1.8962346714199994,98453
2022-10-31,0 days 00:14:43.145819303,1.780600536181571,99493
2022-11-01,0 days 00:14:04.981548917,1.8558284692974945,106823
2022-11-02,0 days 00:14:38.400019828,1.8748490576486994,121039
2022-11-03,0 days 00:14:46.172989743,1.864834771007147,120221
2022-11-04,0 days 00:15:52.422958775,1.860653833707113,122402
2022-11-05,0 days 00:20:20.075729360,1.9909839819806132,125658
2022-11-06,0 days 00:20:06.213595239,1.8977507790278347,106552
2022-11-07,0 days 00:15:56.756056869,1.848672873798122,110288
2022-11-08,0 days 00:14:43.135644121,1.777384937155816,99562
2022-11-09,0 days 00:14:44.379947927,1.7971689093197123,98324
2022-11-10,0 days 00:15:01.932230375,1.8509172931933207,112425
2022-11-11,0 days 00:15:30.006976949,1.7465376055940751,56615
2022-11-12,0 days 00:19:36.801083419,1.9566337912416318,117406
2022-11-13,0 days 00:15:59.749565290,1.7641534096700502,71312
2022-11-14,0 days 00:13:02.825604137,1.6945624292822046,76183
2022-11-15,0 days 00:14:27.803640915,1.6998477781472203,66302
2022-11-16,0 days 00:13:15.246830582,1.7209338584884977,79431
2022-11-17,0 days 00:13:07.759172410,1.7158579302472683,80813
2022-11-18,0 days 00:13:30.847254834,1.6693404512043082,75806
2022-11-19,0 days 00:15:01.217627129,1.7078334713101262,61394
2022-11-20,0 days 00:13:40.558438205,1.6600009159305007,46485
2022-11-21,0 days 00:13:00.255596136,1.6799955389620513,61605
2022-11-22,0 days 00:13:51.101753053,1.7543174205927163,76381
2022-11-23,0 days 00:14:37.137148773,1.7546220397198895,76304
2022-11-24,0 days 00:19:40.344727531,1.7721591261696983,39289
2022-11-25,0 days 00:14:56.891927578,1.7459087043407404,44683
2022-11-26,0 days 00:18:02.414672115,1.8569503119767186,61668
2022-11-27,0 days 00:13:36.013607913,1.7016626103118226,35788
2022-11-28,0 days 00:13:12.837726578,1.7668092809680322,75305
2022-11-29,0 days 00:12:25.448048187,1.7387634736961644,77697
2022-11-30,0 days 00:11:34.249645037,1.7254511309339138,56344