date,weatherDescription,avgTemp,totalPrecip,avgBikeDuration,avgBikeDistance,totalBikeTrips,avgTaxiDuration,avgTaxiDistance,totalTaxiTrips
2021-01-01,Heavy Rain,34.1,6.7,1273.0,1.875636505914808,18790.0,855,5.762586497063681,24827
2021-01-02,Heavy Rain,42.6,3.8,1208.0,2.078524190146162,41195.0,946,5.539014394368825,34309
2021-01-03,Snowing,34.8,7.0,1029.0,1.634525785883316,14578.0,912,15.691055836933003,26345
2021-01-04,Snowing,36.8,1.3,889.0,1.8618838110454072,36745.0,853,6.258865064007184,44545
2021-01-05,Clear,36.4,0.0,878.0,1.8887536247985195,38525.0,838,6.514547557802901,46880
2021-01-06,Clear,34.7,0.0,881.0,1.8815713433791497,37929.0,826,7.824177002865966,49547
2021-01-07,Clear,34.1,0.0,844.0,1.8697243892095128,37971.0,850,6.252605911930802,50290
2021-01-08,Clear,31.4,0.0,985.0,1.8329489113232529,37138.0,836,6.10409555046853,50477
2021-01-09,Clear,31.4,0.0,1003.0,1.8845476150383091,34643.0,848,8.311769923184084,39911
2021-01-10,Clear,32.8,0.0,1053.0,1.954497886668288,35366.0,829,8.302190204347681,29855
2021-01-11,Clear,30.7,0.0,846.0,1.838359083282925,36106.0,822,9.308900185207795,46849
2021-01-12,Clear,31.5,0.0,951.0,1.9104754650142255,42298.0,840,4.449513555813536,50133
2021-01-13,Clear,33.3,0.0,942.0,1.898158569222491,42522.0,832,9.454390695485907,51306
2021-01-14,Clear,36.8,0.0,985.0,1.9214762396754208,47832.0,849,6.811541333267988,53051
2021-01-15,Heavy Rain,37.6,4.9,942.0,1.8629128559078905,40508.0,742,4.468680455718165,53024
2021-01-16,Heavy Rain,42.7,19.9,1014.0,1.990102599777707,41189.0,790,15.504485793264983,38723
2021-01-17,Clear,37.4,0.0,1100.0,1.9936306055212056,38831.0,782,5.247054198142879,31985
2021-01-18,Light Rain,36.6,0.1,982.0,1.975383146284946,42740.0,783,4.919460206605198,37092
2021-01-19,Clear,34.0,0.0,813.0,1.8736397814768304,40592.0,842,6.088375270726701,51149
2021-01-20,Snowing,31.7,0.1,813.0,1.8288601256435415,36251.0,807,8.93309681467322,49437
2021-01-21,Clear,30.8,0.0,925.0,1.8954820704296904,40897.0,881,5.200775222060811,53280
2021-01-22,Clear,34.9,0.0,901.0,1.890020507583606,44037.0,875,4.34020009655706,54285
2021-01-23,Clear,28.4,0.0,955.0,1.842001322649777,32137.0,801,4.448788025904789,42054
2021-01-24,Clear,26.2,0.0,965.0,1.7954273627486472,27353.0,769,5.218840748712661,31033
2021-01-25,Clear,29.5,0.0,815.0,1.806681219373358,36060.0,837,4.504692079564768,47423
2021-01-26,Snowing,32.2,2.3,765.0,1.7953539130904257,27375.0,838,8.53027304812832,47818
2021-01-27,Snowing,33.6,0.8,812.0,1.8828988819388848,38982.0,832,4.233632712513531,52655
2021-01-28,Clear,27.4,0.0,781.0,1.786142106961489,34137.0,888,13.562045380483312,56444
2021-01-29,Clear,19.5,0.0,731.0,1.5916774623745087,23566.0,856,15.763227402395518,54602
2021-01-30,Clear,21.7,0.0,935.0,1.7445135401033396,27330.0,808,4.488720115453827,39233
2021-01-31,Snowing,23.1,0.0,1049.0,1.6403491050731651,21723.0,752,10.75671285143187,31183
2021-02-01,Snowing,30.0,0.3,2667.0,1.2235535923170808,249.0,896,4.982599910274879,6803
2021-02-02,Snowing,33.6,1.9,,0.0,0.0,759,4.666929357132086,29178
2021-02-03,Snowing,30.5,0.0,17.0,1.7250416651972809,6488.0,985,9.842234890357142,55440
2021-02-04,Clear,28.2,0.0,1416.0,1.8733024938517864,18792.0,1064,4.461937061308702,59326
2021-02-05,Light Rain,32.3,2.2,1193.0,1.84395652388202,24378.0,974,6.974384528464601,57770
2021-02-06,Clear,28.6,0.0,1211.0,1.9814883475210765,31236.0,912,4.397359366827375,49987
2021-02-07,Snowing,29.0,0.4,1432.0,1.6698239641693002,8308.0,742,18.547077935957507,27488
2021-02-08,Clear,18.4,0.0,942.0,1.6630657543471,18534.0,895,15.213944798685455,51729
2021-02-09,Snowing,25.6,0.7,841.0,1.7239820702204929,22482.0,889,4.351187448049608,52733
2021-02-10,Clear,23.6,0.0,1231.0,1.762507250469748,28232.0,927,4.3453364994970185,57855
2021-02-11,Snowing,26.5,0.0,842.0,1.7416850319949284,22979.0,930,4.353030402057143,58625
2021-02-12,Clear,19.5,0.0,907.0,1.7136509960752158,26009.0,925,5.263948464004653,63611
2021-02-13,Snowing,22.8,0.2,995.0,1.756939023345381,23084.0,823,11.891777528975288,48355
2021-02-14,Clear,30.8,0.0,1014.0,1.8021305765824325,23441.0,818,4.83360230685118,39672
2021-02-15,Clear,31.7,0.0,1238.0,1.7382778089919126,23404.0,806,4.820338496691632,40322
2021-02-16,Heavy Rain,39.7,18.2,894.0,1.8155659079237267,31048.0,907,11.578148697174436,51211
2021-02-17,Clear,25.8,0.0,898.0,1.7284880430001237,30902.0,925,8.20810664298441,60166
2021-02-18,Snowing,25.7,0.3,786.0,1.6108907261581606,7630.0,798,4.452398414438236,38121
2021-02-19,Snowing,29.8,0.0,782.0,1.595055343754622,12061.0,798,4.3641143689867805,53029
2021-02-20,Clear,27.1,0.0,903.0,1.7849994224032355,24992.0,826,11.856621548546944,51340
2021-02-21,Clear,23.0,0.0,983.0,1.8468977491370944,26475.0,809,5.072272972984186,37119
2021-02-22,Snowing,29.5,8.6,745.0,1.7205984801391363,19553.0,869,4.5417438750862935,50699
2021-02-23,Light Rain,34.9,0.4,807.0,1.8015893492181936,33534.0,887,4.398343957652204,57160
2021-02-24,Clear,38.1,0.0,910.0,1.917430767765968,46049.0,929,7.755150195484333,59969
2021-02-25,Clear,38.1,0.0,907.0,1.8804140862044367,43427.0,966,4.419242862661332,61984
2021-02-26,Clear,33.4,0.0,907.0,1.8543588640779751,44560.0,936,7.379421182347004,65394
2021-02-27,Snowing,40.4,7.2,980.0,1.8489998424524188,30815.0,840,4.567788276288281,48980
2021-02-28,Heavy Rain,37.6,6.1,900.0,1.734260560878132,21321.0,835,8.210505926534085,37612
2021-03-01,Heavy Rain,40.8,6.2,794.0,1.7456723164814163,34575.0,850,14.72575947158436,54836
2021-03-02,Clear,25.9,0.0,801.0,1.7041164539251097,32100.0,842,6.670597066413338,61843
2021-03-03,Clear,34.9,0.0,881.0,1.877724330540646,50122.0,908,5.564362778659336,63297
2021-03-04,Clear,34.6,0.0,804.0,1.7916387698361933,40247.0,872,7.925209583262091,67141
2021-03-05,Clear,28.0,0.0,844.0,1.735728510245658,36338.0,895,4.448256512738927,69582
2021-03-06,Clear,28.9,0.0,842.0,1.7817247427823828,33478.0,797,7.247723430852302,55004
2021-03-07,Clear,30.0,0.0,942.0,1.8733204694296095,35352.0,835,5.21013319063856,38947
2021-03-08,Clear,30.6,0.0,808.0,1.8203446564052344,38478.0,867,11.791883407238547,56282
2021-03-09,Light Rain,43.9,0.1,1010.0,1.975368512709903,60231.0,872,8.29234737958618,62056
2021-03-10,Clear,40.3,0.0,931.0,1.9245391767434676,54876.0,880,7.260396420013925,64635
2021-03-11,Light Rain,50.4,0.4,1063.0,1.9943208898805076,68394.0,901,6.638590248737944,68222
2021-03-12,Heavy Rain,55.1,2.1,1102.0,1.974686622406277,69490.0,916,5.765921477039991,71716
2021-03-13,Clear,40.4,0.0,1299.0,1.9935028816252796,53517.0,884,4.690325059960571,60870
2021-03-14,Clear,40.1,0.0,1065.0,1.909284598515725,43533.0,842,5.065720879737967,43964
2021-03-15,Clear,30.4,0.0,756.0,1.7052502346476417,34394.0,858,12.42346978594297,61407
2021-03-16,Snowing,31.1,0.0,764.0,1.761460556339857,38031.0,886,7.447043335710686,65479
2021-03-17,Light Rain,40.5,0.1,845.0,1.8536908427636976,47314.0,876,8.598443235944623,71510
2021-03-18,Heavy Rain,42.0,20.4,790.0,1.760121259568184,22554.0,915,8.648421605647268,71539
2021-03-19,Light Rain,36.7,3.4,924.0,1.7870839683151851,43779.0,932,5.62944135042928,74427
2021-03-20,Clear,39.2,0.0,1320.0,2.0918743115039025,65050.0,875,6.449911900068251,61538
2021-03-21,Clear,42.9,0.0,1409.0,2.1326508181591324,68873.0,874,5.338956561483911,45124
2021-03-22,Clear,44.2,0.0,1139.0,1.9525336083295,56194.0,873,9.106528724508411,59959
2021-03-23,Clear,46.1,0.0,1056.0,2.0198895859524937,61564.0,877,7.79475856754894,63548
2021-03-24,Heavy Rain,47.3,24.5,848.0,1.8570809382451297,32777.0,891,5.842093123235118,68659
2021-03-25,Heavy Rain,55.4,5.7,1088.0,2.020958015966179,64657.0,924,6.861846381500838,69841
2021-03-26,Light Rain,61.0,0.8,1339.0,1.9721500776198757,71615.0,962,6.992840875536819,73535
2021-03-27,Clear,54.2,0.0,1561.0,2.213448604706594,84712.0,904,4.756122678187322,67392
2021-03-28,Heavy Rain,53.3,18.0,1447.0,1.823250308863806,25256.0,779,5.449800243272944,40404
2021-03-29,Clear,46.7,0.0,1131.0,1.895610883817948,52598.0,824,6.531926963559104,58127
2021-03-30,Clear,47.7,0.0,1083.0,1.9293132587988184,65613.0,943,4.709033263008605,66702
2021-03-31,Heavy Rain,53.6,8.2,1014.0,1.8389046965813616,45382.0,893,4.95311208962137,67533
2021-04-01,Heavy Rain,45.7,6.0,983.0,1.7957329953558223,45527.0,908,9.845172168051471,72429
2021-04-02,Clear,35.3,0.0,1022.0,1.7646957218999024,42831.0,879,4.670746219723566,72350
2021-04-03,Clear,39.1,0.0,1220.0,2.0538652445465035,61218.0,877,7.26844137010041,61847
2021-04-04,Clear,48.5,0.0,1381.0,2.0823117151972084,63335.0,863,10.410408655227814,46310
2021-04-05,Clear,51.9,0.0,1046.0,1.9674212320425264,68141.0,906,10.272494293466762,62955
2021-04-06,Clear,51.6,0.0,1122.0,2.009843556627853,76225.0,918,4.838244853723465,70472
2021-04-07,Light Rain,51.3,0.4,1099.0,2.0186141621650053,77680.0,923,10.145200165840263,74661
2021-04-08,Clear,53.8,0.0,1158.0,2.0449013465954957,81552.0,971,14.11694008224865,77611
2021-04-09,Clear,49.8,0.0,1144.0,1.9794746818954627,68187.0,953,13.06519834403694,78827
2021-04-10,Light Rain,54.1,0.2,1507.0,2.134874793933802,87596.0,903,6.703462944473562,68688
2021-04-11,Heavy Rain,51.8,22.9,997.0,1.7224471867104785,20135.0,847,5.34028992721503,47584
2021-04-12,Light Rain,46.2,9.1,862.0,1.7643982757150587,33647.0,916,9.89578910885986,70272
2021-04-13,Light Rain,51.0,2.4,1095.0,2.025374143805126,78682.0,931,12.78355614768601,74244
2021-04-14,Clear,55.0,0.0,1038.0,2.0185743006608656,80113.0,949,14.699924886661664,77296
2021-04-15,Heavy Rain,52.3,7.5,939.0,1.8576136112830517,33032.0,952,6.495561885449279,80429
2021-04-16,Light Rain,46.4,2.7,948.0,1.8840023063582645,59414.0,996,9.621349292114582,82456
2021-04-17,Clear,47.4,0.0,1320.0,2.0811907975515345,77508.0,888,8.699195599765185,74101
2021-04-18,Light Rain,51.4,0.1,1313.0,2.1066597742330235,80652.0,893,9.765803449971372,54143
2021-04-19,Light Rain,54.0,0.2,1042.0,1.9780699152546373,73000.0,891,17.44493270976244,67688
2021-04-20,Clear,57.4,0.0,1184.0,2.027593371252892,96136.0,982,15.666183643605509,78724
2021-04-21,Heavy Rain,54.0,5.1,919.0,1.897397636607833,61764.0,939,15.409535434475286,79367
2021-04-22,Clear,41.4,0.0,861.0,1.8405608348080171,57101.0,935,11.67533238493313,84344
2021-04-23,Clear,47.8,0.0,1079.0,1.9729198406412365,82793.0,965,17.21775190835825,84623
2021-04-24,Clear,54.7,0.0,1461.0,2.1928783885860224,104081.0,954,11.117921860265287,78858
2021-04-25,Heavy Rain,53.2,15.7,1215.0,1.930408643679154,58487.0,860,10.14720417370363,49330
2021-04-26,Clear,49.1,0.0,975.0,1.9508463153863496,71658.0,906,18.29251457653208,70215
2021-04-27,Clear,51.5,0.0,988.0,1.9965051336320552,79576.0,913,15.207132604937172,76481
2021-04-28,Clear,63.6,0.0,1145.0,2.05331096178562,96329.0,953,27.04251524838721,83551
2021-04-29,Light Rain,65.8,4.0,961.0,1.9228757452752705,70576.0,985,9.68676212637392,82210
2021-04-30,Light Rain,59.8,1.7,1044.0,1.9145508262746185,80693.0,987,11.336233488388958,89079
2021-05-01,Clear,51.4,0.0,1382.0,2.1177118865966054,92840.0,879,18.771822683299877,80694
2021-05-02,Clear,64.7,0.0,1442.0,2.09746513803256,93982.0,886,11.021084896766574,60957
2021-05-03,Heavy Rain,57.7,10.4,911.0,1.907609047261647,60831.0,907,30.51309923007135,75261
2021-05-04,Heavy Rain,58.2,8.9,1065.0,2.004481434523545,87014.0,920,10.290543393042748,80894
2021-05-05,Heavy Rain,55.0,10.9,878.0,1.8781174894210129,49749.0,965,12.040716276417122,87025
2021-05-06,Clear,55.3,0.0,1092.0,2.0197595873180743,93267.0,999,15.775362895695814,88472
2021-05-07,Clear,53.9,0.0,988.0,1.9800019804897893,91204.0,1009,15.380487622021366,92383
2021-05-08,Light Rain,49.7,2.1,1050.0,1.8989079191874152,59759.0,874,12.205306076389949,80021
2021-05-09,Heavy Rain,50.5,7.1,1095.0,1.989412445629388,53317.0,935,10.200359477755542,64461
2021-05-10,Light Rain,52.6,3.4,897.0,1.9188926741815409,71172.0,914,11.256506671670923,74390
2021-05-11,Clear,54.3,0.0,951.0,1.9895167862634613,89079.0,941,22.57686609341062,83498
2021-05-12,Clear,53.7,0.0,987.0,2.000328846737633,94864.0,941,11.021908294993496,86867
2021-05-13,Clear,56.3,0.0,1062.0,2.021486805866044,100737.0,962,17.63535996637464,82527
2021-05-14,Clear,59.4,0.0,1146.0,2.025033290099139,107380.0,1025,10.05364376514192,92518
2021-05-15,Clear,61.3,0.0,1352.0,2.1339889987966454,118947.0,939,10.964594326835089,88865
2021-05-16,Light Rain,61.3,0.4,1346.0,2.0687739040846203,97138.0,900,24.06773885086916,66386
2021-05-17,Clear,63.0,0.0,1123.0,2.0054839240804867,95272.0,865,5.029168712746805,74097
2021-05-18,Clear,66.2,0.0,1075.0,2.027546503812415,105861.0,923,15.563114762360213,84772
2021-05-19,Clear,70.2,0.0,1080.0,2.02357921248711,109860.0,988,6.093684239537985,90733
2021-05-20,Clear,64.0,0.0,1040.0,2.0296193381114795,108242.0,1064,13.511057511935098,92693
2021-05-21,Clear,66.4,0.0,1114.0,2.02924809772866,112908.0,1016,13.163648636423778,94927
2021-05-22,Clear,75.3,0.0,1312.0,2.085807198911914,116548.0,925,9.208430622853715,93359
2021-05-23,Clear,76.4,0.0,1343.0,2.054535073927016,107595.0,896,8.980811862942344,71494
2021-05-24,Clear,61.8,0.0,991.0,1.9572981690280755,89255.0,922,19.29579226057516,81403
2021-05-25,Clear,64.2,0.0,1028.0,2.0200777724896013,107021.0,1001,5.93658895719231,88685
2021-05-26,Heavy Rain,74.4,2.3,1055.0,1.9792715130818124,97890.0,1039,7.785258955828799,93364
2021-05-27,Clear,73.0,0.0,1070.0,2.0089074749600955,112627.0,1053,14.906489688867978,92463
2021-05-28,Heavy Rain,59.5,25.9,990.0,1.8788993825193696,62800.0,1029,18.28869998202413,87929
2021-05-29,Heavy Rain,49.6,24.6,963.0,1.708541262713346,30059.0,868,13.15148975653928,64946
2021-05-30,Heavy Rain,49.8,13.5,942.0,1.6163969501047075,17684.0,878,10.380766984963127,54240
2021-05-31,Light Rain,56.6,0.1,1226.0,2.0153791671920622,89263.0,917,18.62449941367765,56691
2021-06-01,Clear,63.3,0.0,1341.0,1.990597070402941,99573.0,997,15.843348537862632,86003
2021-06-02,Clear,64.7,0.0,1464.0,2.0025659474899005,106594.0,1015,6.192948626185307,92571
2021-06-03,Heavy Rain,64.6,7.4,1360.0,1.8865220450870288,70048.0,998,9.43647492081779,96504
2021-06-04,Heavy Rain,70.4,6.4,1349.0,1.9351685385910435,86683.0,1041,7.78356704264089,95589
2021-06-05,Clear,74.7,0.0,2641.0,2.061585808746958,121395.0,939,14.865376329434698,97983
2021-06-06,Clear,78.2,0.0,2138.0,1.9961634857717825,106230.0,931,9.200534983566266,77633
2021-06-07,Heavy Rain,78.1,2.1,1678.0,1.9315325626076485,98146.0,938,8.287534546510033,88869
2021-06-08,Heavy Rain,76.5,6.9,1326.0,1.869690867001119,74855.0,1027,9.156315069585425,94675
2021-06-09,Light Rain,77.4,2.5,1611.0,1.9367341054733207,112234.0,1010,6.535414981265329,99484
2021-06-10,Clear,71.8,0.0,1681.0,1.978516414443037,121449.0,1019,18.732370600040397,103981
2021-06-11,Heavy Rain,64.0,2.9,1927.0,1.9305049204088505,108165.0,1009,13.09459073122934,98321
2021-06-12,Light Rain,64.9,0.2,2249.0,2.063145125064275,117030.0,954,9.395667686351011,93963
2021-06-13,Clear,66.2,0.0,2144.0,2.036234169585134,102599.0,953,11.190936901133036,73784
2021-06-14,Heavy Rain,66.9,8.5,1836.0,1.8883734567440984,84536.0,946,7.591095492437227,86939
2021-06-15,Heavy Rain,69.7,11.8,1871.0,2.001435338088813,119250.0,1012,16.99846472584508,98038
2021-06-16,Clear,67.4,0.0,1526.0,2.00215604024644,122295.0,1002,12.246071198248035,102171
2021-06-17,Clear,65.9,0.0,1417.0,1.97945830870298,121569.0,1122,10.58291911948642,102964
2021-06-18,Clear,70.0,0.0,1696.0,1.958426211061138,123279.0,1120,14.075118340176171,98994
2021-06-19,Light Rain,75.8,0.8,1777.0,2.003417315897669,107584.0,940,15.99980317208265,96406
2021-06-20,Light Rain,74.8,0.2,1873.0,2.0211254820698485,107581.0,961,11.618526739531722,77945
2021-06-21,Clear,77.3,0.0,1390.0,1.908456243250152,102005.0,954,8.142591834081655,90870
2021-06-22,Heavy Rain,69.4,13.8,963.0,1.848746127083967,75603.0,1004,13.98940854167584,99019
2021-06-23,Clear,64.7,0.0,1069.0,1.980842326182348,123507.0,1052,10.783882113603187,102895
2021-06-24,Clear,66.4,0.0,1088.0,1.9831152476813132,120793.0,1105,16.715471068272823,104639
2021-06-25,Clear,68.5,0.0,1078.0,1.964147656174393,116700.0,1101,7.790761437632389,103294
2021-06-26,Light Rain,74.3,0.9,1331.0,2.002611606434038,119114.0,1029,11.23524918933225,98690
2021-06-27,Clear,78.4,0.0,1378.0,1.9694701926903773,110176.0,1046,8.089091051790584,77377
2021-06-28,Heavy Rain,80.9,3.5,1061.0,1.8660059212938716,98770.0,985,8.342165773736932,91543
2021-06-29,Light Rain,83.4,1.1,1002.0,1.848808887219779,103439.0,993,8.958100030702587,101112
2021-06-30,Light Rain,85.0,0.1,972.0,1.8004584437875164,96879.0,996,9.479770475381066,101885
2021-07-01,Heavy Rain,77.0,15.4,928.0,1.8033118932484165,68032.0,1070,17.83567367964613,93820
2021-07-02,Heavy Rain,71.5,27.0,1061.0,1.8274407706477815,78222.0,994,26.51924583827376,87543
2021-07-03,Heavy Rain,63.8,31.9,1135.0,1.844709994069057,68506.0,891,15.081813952002248,71120
2021-07-04,Light Rain,68.8,0.5,1504.0,2.0156484923234,101586.0,999,11.444893061156533,60543
2021-07-05,Light Rain,74.0,0.2,1318.0,1.9942329893721449,97873.0,935,13.941420676155603,64728
2021-07-06,Light Rain,79.4,3.0,993.0,1.8435405521936528,77415.0,956,13.808299832284028,89456
2021-07-07,Light Rain,80.8,0.5,1009.0,1.889622580491351,102959.0,962,11.100872006868316,97200
2021-07-08,Heavy Rain,78.1,13.4,939.0,1.830016454645769,74962.0,1060,9.090987552206643,94578
2021-07-09,Heavy Rain,76.9,15.5,1081.0,1.8524752539245388,86388.0,1003,14.0367706145643,93585
2021-07-10,Light Rain,74.9,0.1,1263.0,2.019803847386791,109422.0,1011,10.390323221224945,93833
2021-07-11,Light Rain,72.7,0.5,1449.0,1.9767458866191616,103497.0,967,8.151726673539093,75946
2021-07-12,Heavy Rain,76.9,14.3,973.0,1.8688518403630945,87995.0,950,9.987829362904328,84894
2021-07-13,Light Rain,72.7,0.3,1027.0,1.923291753479589,105516.0,950,7.547214909012431,96611
2021-07-14,Heavy Rain,77.3,2.7,989.0,1.9069371429605224,110458.0,985,10.125745633081614,104614
2021-07-15,Clear,79.0,0.0,1008.0,1.894244756139405,112495.0,1079,8.866620175205224,105982
2021-07-16,Clear,81.5,0.0,1105.0,1.867372746495144,108290.0,1086,11.894294382717872,102904
2021-07-17,Heavy Rain,80.6,15.7,1412.0,1.890839038479711,82404.0,991,13.565336156674787,95224
2021-07-18,Heavy Rain,77.0,6.0,1344.0,1.9681508278018005,99926.0,982,8.919719888105055,77369
2021-07-19,Light Rain,74.8,0.5,1044.0,1.9123012679008096,102779.0,973,7.10375810515654,88955
2021-07-20,Light Rain,77.7,0.3,1012.0,1.8987383333361312,111610.0,931,17.34802896630089,92406
2021-07-21,Light Rain,75.3,2.6,1070.0,1.904254212825028,108763.0,975,15.894799668524191,98231
2021-07-22,Clear,72.7,0.0,1195.0,1.9159915120976965,118499.0,1056,12.882800537968995,103919
2021-07-23,Light Rain,71.9,0.2,1080.0,1.8912049868603709,112630.0,1055,11.169438764435018,99030
2021-07-24,Clear,72.4,0.0,1415.0,1.976051726543448,125255.0,1029,13.312716719265996,93242
2021-07-25,Light Rain,76.0,1.8,1195.0,1.9213269725562832,98074.0,978,22.360079232965,75565
2021-07-26,Clear,79.3,0.0,1086.0,1.855496817873544,98845.0,964,14.066284950253031,89119
2021-07-27,Clear,79.9,0.0,995.0,1.8592734599372216,106224.0,942,11.690027133046078,99331
2021-07-28,Clear,74.9,0.0,1006.0,1.911327554570156,112498.0,961,11.357653444108706,99681
2021-07-29,Heavy Rain,72.7,12.4,987.0,1.7894699010702693,76099.0,1009,12.05439566933844,99734
2021-07-30,Clear,73.8,0.0,1078.0,1.8932299904818293,115771.0,1063,7.418136775455866,99152
2021-07-31,Clear,68.8,0.0,1256.0,2.00802998455298,121921.0,1003,12.584514433315826,93301
2021-08-01,Light Rain,70.5,0.2,1205.0,1.924100469999588,94679.0,984,24.091647974934297,73056
2021-08-02,Clear,70.4,0.0,1008.0,1.89954830502336,103225.0,969,7.908028498028906,83304
2021-08-03,Clear,70.4,0.0,994.0,1.905976020229083,108968.0,995,10.545375404925991,93910
2021-08-04,Light Rain,70.0,0.1,985.0,1.8993421678805589,109238.0,967,12.72533026335781,97778
2021-08-05,Clear,71.3,0.0,994.0,1.896441940424484,109461.0,989,10.185838046126587,99331
2021-08-06,Clear,75.8,0.0,1064.0,1.860683876755076,109439.0,1065,25.547038834940523,97852
2021-08-07,Clear,76.4,0.0,1288.0,1.9875599736406824,115283.0,984,16.9488012338762,90630
2021-08-08,Light Rain,72.0,1.4,1220.0,1.878922137421064,75469.0,973,6.235041303856331,74449
2021-08-09,Light Rain,74.0,0.6,1008.0,1.8654131684468065,96518.0,929,6.945236550482865,83046
2021-08-10,Light Rain,75.7,3.6,1009.0,1.844727944038084,92686.0,957,12.413145989570756,96402
2021-08-11,Light Rain,80.8,1.1,1031.0,1.8219856585884069,97930.0,967,9.727771809738533,100816
2021-08-12,Clear,83.3,0.0,997.0,1.8112369254318683,99798.0,1067,15.39463467224983,99203
2021-08-13,Light Rain,85.2,0.6,1062.0,1.791094557141336,98733.0,1038,12.6886242127918,99126
2021-08-14,Heavy Rain,81.6,3.3,1215.0,1.944024438910604,111796.0,954,12.68101400143528,91550
2021-08-15,Clear,75.5,0.0,1248.0,1.941383014468,108622.0,981,10.097925589069558,76813
2021-08-16,Light Rain,74.7,0.3,1235.0,1.8637196843144928,102332.0,976,15.264097192953514,82197
2021-08-17,Heavy Rain,73.3,7.8,976.0,1.8709069791028805,107430.0,931,10.551734034653238,91749
2021-08-18,Light Rain,76.3,2.7,971.0,1.860626856590511,106531.0,992,16.650616065669368,95926
2021-08-19,Heavy Rain,78.7,9.3,962.0,1.8559953936454097,104854.0,1031,9.24247336359963,99488
2021-08-20,Light Rain,75.4,1.1,1037.0,1.8520034655900408,102352.0,1017,10.681221906872304,99268
2021-08-21,Light Rain,75.9,2.6,1308.0,1.941311788252244,96396.0,975,9.260624576120795,98613
2021-08-22,Heavy Rain,73.7,75.7,1059.0,1.688240810872902,15853.0,909,13.406572006558116,53247
2021-08-23,Heavy Rain,74.8,37.2,1021.0,1.7665557516497503,76861.0,958,9.352695283913764,80802
2021-08-24,Clear,78.4,0.0,1086.0,1.8661306130524675,109287.0,1012,7.998988107362402,93733
2021-08-25,Clear,78.3,0.0,1024.0,1.8472018916271236,106715.0,977,11.798369804521071,98428
2021-08-26,Light Rain,80.0,0.4,1010.0,1.8386481167624071,103688.0,1026,11.261242224595543,101124
2021-08-27,Heavy Rain,80.6,6.2,1005.0,1.7758864282280782,88710.0,1057,11.498373547364931,96582
2021-08-28,Heavy Rain,73.2,21.3,1235.0,1.9259397288879452,104347.0,992,11.397913690908682,89008
2021-08-29,Clear,72.5,0.0,1229.0,1.952019964261849,102478.0,1124,11.112414227867417,73010
2021-08-30,Heavy Rain,76.1,3.1,973.0,1.8384172382722992,101175.0,959,16.055330317683424,84107
2021-08-31,Clear,75.8,0.0,967.0,1.8673649320119492,111979.0,1002,13.403486700511298,93683
2021-09-01,Heavy Rain,71.5,38.1,895.0,1.6759736573877075,50787.0,1001,6.602509937760889,88160
2021-09-02,Heavy Rain,67.5,31.3,1165.0,2.0751583196478958,126475.0,1206,13.629127079291086,93100
2021-09-03,Clear,65.1,0.0,1111.0,1.9371190447625124,115073.0,1135,10.97806072480393,95630
2021-09-04,Clear,67.2,0.0,1309.0,2.0072951364977984,109117.0,981,10.951742763251888,88527
2021-09-05,Light Rain,68.7,0.3,1235.0,1.9255740290673735,87510.0,997,10.556866378867792,74209
2021-09-06,Clear,72.5,0.0,1284.0,1.9495727471879527,106337.0,912,8.496704336618697,71712
2021-09-07,Clear,69.9,0.0,1020.0,1.896479046662312,106927.0,993,12.053037889786069,88673
2021-09-08,Light Rain,73.1,0.5,961.0,1.8749485190483253,113136.0,988,10.924769171072697,102042
2021-09-09,Heavy Rain,69.8,18.0,915.0,1.7829266756881517,77654.0,1167,6.222676139760152,105817
2021-09-10,Clear,67.1,0.0,1062.0,1.885789732515226,126613.0,1180,13.742235347651006,109813
2021-09-11,Clear,66.8,0.0,1300.0,2.0251044314073208,133587.0,961,6.800041287328003,107560
2021-09-12,Clear,72.4,0.0,1269.0,1.9590547250186696,117228.0,1052,8.948479441159208,87232
2021-09-13,Clear,76.1,0.0,1119.0,1.8677973059110484,105993.0,1074,19.90673125607772,95735
2021-09-14,Clear,71.7,0.0,981.0,1.9054867889026457,118480.0,1065,15.003751217507263,102209
2021-09-15,Light Rain,76.3,1.3,992.0,1.8752264233194749,118368.0,1031,12.552105780824071,106884
2021-09-16,Light Rain,70.5,1.2,953.0,1.8512402589610184,109637.0,919,8.349536646599516,102456
2021-09-17,Light Rain,71.2,0.5,991.0,1.847344654906271,111916.0,1141,16.685270830244008,110693
2021-09-18,Light Rain,72.5,0.6,1220.0,1.9720557925499045,124651.0,996,6.754171300592662,111362
2021-09-19,Clear,69.1,0.0,1220.0,1.9940643754717136,116470.0,1029,7.816237961392061,88272
2021-09-20,Clear,67.3,0.0,957.0,1.8841730366619929,109099.0,1085,14.430968079676418,92218
2021-09-21,Clear,67.7,0.0,980.0,1.8951598558241685,113240.0,1038,12.725329100246324,99868
2021-09-22,Light Rain,73.1,0.2,927.0,1.8743938704992256,113378.0,1035,6.3304101860252935,105877
2021-09-23,Heavy Rain,73.8,13.9,916.0,1.786804440355832,86742.0,1166,8.150000473935624,104169
2021-09-24,Heavy Rain,65.4,21.4,1015.0,1.870556169091684,115901.0,1182,9.035198695961396,109419
2021-09-25,Clear,64.7,0.0,1262.0,1.9964356029769768,125193.0,1019,15.25866297557733,112977
2021-09-26,Clear,64.2,0.0,1216.0,1.95895614714008,113560.0,993,10.024944261439126,91222
2021-09-27,Clear,67.0,0.0,977.0,1.8714062272938736,106811.0,983,7.016036964529824,93752
2021-09-28,Heavy Rain,67.4,4.1,932.0,1.8541698747257287,96558.0,952,10.935173779463208,100970
2021-09-29,Clear,60.5,0.0,1004.0,1.8887943980379005,111536.0,981,8.512826477090748,108179
2021-09-30,Clear,59.4,0.0,982.0,1.868858458839505,112583.0,1127,7.997729728851424,114951
2021-10-01,Clear,57.5,0.0,1092.0,1.858387023019312,115828.0,1139,19.145811320141465,117062
2021-10-02,Clear,61.6,0.0,1265.0,1.98945909606094,120155.0,1016,11.929920962885149,115086
2021-10-03,Clear,66.5,0.0,1249.0,1.960289293807185,108304.0,1057,12.64107886597172,91230
2021-10-04,Heavy Rain,67.2,10.6,922.0,1.7480740495074412,73613.0,1027,8.947595930836895,96858
2021-10-05,Clear,62.5,0.0,984.0,1.852169810415272,103932.0,1010,6.407116667281149,106648
2021-10-06,Clear,64.7,0.0,1001.0,1.8695378359974268,110685.0,1040,13.079286023958591,113020
2021-10-07,Light Rain,65.4,0.1,990.0,1.8952333062480444,115335.0,1137,9.437022150742266,118556
2021-10-08,Clear,66.2,0.0,1176.0,1.8694485484743344,115808.0,1118,14.97220295513215,120242
2021-10-09,Light Rain,64.1,0.4,1278.0,1.9166817288206832,108091.0,1012,7.773339238215329,116817
2021-10-10,Light Rain,63.6,2.3,1120.0,1.7839835748231885,69386.0,970,6.722201004918488,93850
2021-10-11,Clear,64.4,0.0,1069.0,1.840499885038647,97257.0,963,5.955880070309587,86890
2021-10-12,Clear,64.0,0.0,1057.0,1.8521172804299288,108314.0,1033,11.001597714672291,108054
2021-10-13,Clear,65.8,0.0,964.0,1.8531156660911343,109850.0,1035,10.035758035809907,112723
2021-10-14,Clear,67.3,0.0,1093.0,1.8907620892036427,116278.0,1095,18.21175835438173,121767
2021-10-15,Clear,68.1,0.0,1171.0,1.864723454201664,118471.0,1098,11.805985359310505,124091
2021-10-16,Heavy Rain,68.5,10.0,1230.0,1.8909980761040133,99243.0,992,10.422158682907629,121955
2021-10-17,Light Rain,57.4,0.9,1138.0,1.889907930837337,90860.0,1012,10.47876753248735,100790
2021-10-18,Clear,53.5,0.0,876.0,1.7600782108017596,87314.0,994,7.589795642585888,103856
2021-10-19,Clear,55.1,0.0,931.0,1.8387435739751128,100118.0,1034,10.15572876118718,110716
2021-10-20,Clear,62.9,0.0,939.0,1.8711783372375488,112026.0,1044,9.05356958217456,119077
2021-10-21,Clear,62.6,0.0,998.0,1.8803304811034227,113734.0,1112,9.39561230793183,122809
2021-10-22,Clear,62.9,0.0,1021.0,1.8456950056367536,111571.0,1101,11.87994162019079,122858
2021-10-23,Light Rain,55.9,0.6,1139.0,1.840489594564744,91369.0,1025,9.800112999769532,119757
2021-10-24,Clear,53.3,0.0,1161.0,1.845933086419533,85039.0,986,17.533659172760263,98929
2021-10-25,Light Rain,64.8,3.5,1059.0,1.8495177129497389,92446.0,1021,12.083102127559052,99949
2021-10-26,Heavy Rain,60.5,102.0,878.0,1.679456451176041,48015.0,933,14.127734625472678,101866
2021-10-27,Heavy Rain,56.8,6.1,958.0,1.8063872774069911,97986.0,1078,13.144552713618197,119847
2021-10-28,Clear,53.2,0.0,945.0,1.82862852752649,100689.0,1132,12.082156917975908,125607
2021-10-29,Heavy Rain,53.5,6.8,989.0,1.7079696140919949,82622.0,1088,8.867504424735323,130631
2021-10-30,Light Rain,59.5,5.8,1128.0,1.8065420117118536,79170.0,984,14.782452890392928,119589
2021-10-31,Light Rain,57.6,5.8,1334.0,1.863828296753723,85726.0,986,13.350661496400456,102263
2021-11-01,Clear,53.4,0.0,945.0,1.801911384591035,89655.0,1045,10.489218861281294,106486
2021-11-02,Clear,48.8,0.0,925.0,1.7382791115056455,82811.0,965,8.12146908037843,115847
2021-11-03,Clear,44.3,0.0,902.0,1.7844269670760815,87259.0,1060,6.676936050153894,121837
2021-11-04,Clear,43.3,0.0,907.0,1.7740309154434042,85758.0,1100,8.313978113275015,127917
2021-11-05,Clear,43.6,0.0,1026.0,1.776662787840615,86279.0,1116,11.812224865338168,129921
2021-11-06,Clear,43.7,0.0,1171.0,1.886243636724692,84659.0,1010,8.66678741834018,131460
2021-11-07,Clear,44.0,0.0,1175.0,1.8555277118854776,79380.0,1286,10.61190660315956,100647
2021-11-08,Clear,50.5,0.0,1039.0,1.8401212201877115,84958.0,1051,15.61237845534815,106822
2021-11-09,Clear,52.5,0.0,1044.0,1.8799292971135453,96712.0,1051,16.712034795565287,118745
2021-11-10,Clear,54.1,0.0,974.0,1.88281469378336,98195.0,1105,10.183100661217686,126617
2021-11-11,Clear,50.1,0.0,982.0,1.8542290162784256,92925.0,1117,7.013797060476094,123715
2021-11-12,Heavy Rain,57.7,18.5,982.0,1.7717666349220302,69975.0,1085,10.630116261745176,128010
2021-11-13,Heavy Rain,48.2,5.4,1285.0,1.817823193594864,71475.0,1050,10.217037362645302,132310
2021-11-14,Light Rain,42.6,0.2,1064.0,1.8021825432094905,63193.0,1021,11.413830230374854,109696
2021-11-15,Light Rain,42.0,0.5,860.0,1.7194858297497888,68372.0,1024,12.982707604067413,114815
2021-11-16,Clear,40.9,0.0,974.0,1.7808387593251744,77280.0,1063,19.746226680815,122700
2021-11-17,Clear,46.0,0.0,1022.0,1.8171112506584008,85554.0,1077,8.62349175248845,126605
2021-11-18,Light Rain,55.4,1.4,1007.0,1.8917913474964243,94672.0,1107,11.609413422674075,133377
2021-11-19,Heavy Rain,44.0,4.2,924.0,1.7447495392434509,74090.0,1096,8.617242762494278,135462
2021-11-20,Clear,39.1,0.0,1138.0,1.8047515728066656,69554.0,1045,12.762223273875836,131453
2021-11-21,Light Rain,46.1,0.4,1114.0,1.8422300227874355,65383.0,1010,19.4613414682217,105078
2021-11-22,Light Rain,47.0,2.1,1014.0,1.7451749997197972,63652.0,1064,19.20220304091083,112469
2021-11-23,Clear,36.0,0.0,878.0,1.6980576166878707,61201.0,1167,19.67160442779224,120235
2021-11-24,Clear,35.4,0.0,916.0,1.6743112165115115,57450.0,1141,17.282452830708063,108408
2021-11-25,Clear,40.7,0.0,1422.0,1.7736729437267222,35034.0,950,17.457498529545454,70312
2021-11-26,Light Rain,41.8,4.2,991.0,1.6295583149082025,31985.0,949,10.816255310919264,89887
2021-11-27,Clear,35.8,0.0,1101.0,1.639324186187195,37424.0,995,9.66263089447012,104505
2021-11-28,Snowing,36.4,0.0,941.0,1.640110398335067,41660.0,1109,9.416255061059458,90990
2021-11-29,Clear,36.5,0.0,876.0,1.6918501955587142,58569.0,1061,11.995690319863716,107130
2021-11-30,Clear,32.9,0.0,791.0,1.688060369937484,64170.0,1092,7.6870404320476515,119366
2021-12-01,Clear,38.2,0.0,836.0,1.7542534303311008,74033.0,1075,14.917290618177496,121986
2021-12-02,Light Rain,48.8,1.0,986.0,1.8106996586316848,79362.0,1131,15.43447693036915,128647
2021-12-03,Clear,41.2,0.0,898.0,1.7164901049368595,72585.0,1108,13.547687698730831,136231
2021-12-04,Clear,38.8,0.0,1163.0,1.8029891297988287,68161.0,1055,9.60185168228745,132392
2021-12-05,Clear,39.2,0.0,989.0,1.807240777118772,62509.0,1075,9.707591891619092,109654
2021-12-06,Light Rain,54.1,3.7,908.0,1.777924142886513,67735.0,1096,9.42885958619447,112665
2021-12-07,Light Rain,37.9,0.2,776.0,1.7220848027366855,67189.0,1045,13.411787492633971,126649
2021-12-08,Light Rain,36.7,0.2,857.0,1.6935380628214205,65876.0,1103,11.380605086798012,131662
2021-12-09,Snowing,33.7,0.1,776.0,1.6875424323817778,66553.0,1143,10.761739744284611,134724
2021-12-10,Snowing,39.0,0.2,858.0,1.7311704525877012,75593.0,1146,9.437279969115412,133497
2021-12-11,Heavy Rain,53.1,7.9,1134.0,1.8163534631492864,64261.0,1073,15.301657900490603,130247
2021-12-12,Light Rain,43.2,0.2,1461.0,1.781489576731763,62109.0,1110,10.024360165640545,107167
2021-12-13,Clear,41.2,0.0,1022.0,1.7264056638475354,68299.0,1032,6.903365718416159,111299
2021-12-14,Clear,41.4,0.0,1104.0,1.7442309459321408,75703.0,1039,13.63494647041541,120218
2021-12-15,Light Rain,43.3,0.7,1089.0,1.750298301136047,73103.0,1072,12.623476193781588,125048
2021-12-16,Clear,53.2,0.0,1060.0,1.7892634890274284,80607.0,1092,8.180880873257307,126270
2021-12-17,Clear,52.2,0.0,1214.0,1.751645061696854,78035.0,1095,6.918353895549631,124147
2021-12-18,Light Rain,42.3,2.3,1147.0,1.6569162384004312,39513.0,979,9.889685656224668,110279
2021-12-19,Light Rain,39.3,2.1,1228.0,1.653711314349836,40310.0,928,14.510226421405704,91200
2021-12-20,Clear,30.1,0.0,944.0,1.6185241836893631,45540.0,996,16.436356327551398,94213
2021-12-21,Clear,33.8,0.0,952.0,1.6586061841427029,50951.0,991,15.856139342775505,93093
2021-12-22,Heavy Rain,39.6,4.3,1015.0,1.6391603992400057,41926.0,1014,10.928651680277866,91699
2021-12-23,Snowing,32.0,0.1,909.0,1.5921656151898185,41284.0,996,13.55308328121571,87850
2021-12-24,Snowing,35.4,0.2,1083.0,1.568356463735597,31319.0,867,14.662297543050029,69619
2021-12-25,Heavy Rain,42.1,9.3,1943.0,1.6898480937344589,16406.0,901,22.441087813404565,40807
2021-12-26,Clear,42.7,0.0,1813.0,1.7182028202710384,31737.0,1067,11.3530124683082,54705
2021-12-27,Light Rain,34.4,1.7,1452.0,1.600943148166239,31583.0,926,8.332946642754338,69897
2021-12-28,Light Rain,40.9,0.5,1614.0,1.7501291859661168,40728.0,962,5.992310585191306,75037
2021-12-29,Heavy Rain,42.6,5.1,1450.0,1.7114661374643296,39656.0,957,5.924669030799184,74989
2021-12-30,Heavy Rain,44.0,2.4,1507.0,1.7507129003591266,46925.0,973,10.47776940030782,77968
2021-12-31,Light Rain,46.8,0.5,1494.0,1.7677936620512935,48696.0,892,12.31042896097554,70402
2022-01-01,Heavy Rain,50.0,16.4,1931.0,1.734370919525121,20895.0,934,9.55338099768604,63441
2022-01-02,Heavy Rain,49.5,9.6,2306.0,1.806121016798166,44234.0,966,9.99450551533524,58421
2022-01-03,Snowing,31.5,0.0,2484.0,1.5602600195180634,34126.0,835,12.397244458636834,72405
2022-01-04,Clear,27.0,0.0,2915.0,1.5968526015511155,37879.0,826,5.5885275796357385,74562
2022-01-05,Light Rain,35.1,1.3,2056.0,1.6716057851382335,35080.0,805,9.5216823756435,74592
2022-01-06,Clear,34.3,0.0,1739.0,1.6678318657406817,46004.0,808,8.120265138908008,79909
2022-01-07,Snowing,29.4,0.0,2496.0,1.5544717331636018,17838.0,766,4.871275480391116,71590
2022-01-08,Clear,19.9,0.0,2749.0,1.5936325343462263,25129.0,803,5.065310243704389,83177
2022-01-09,Light Rain,31.4,5.0,2160.0,1.5768091465931238,22088.0,796,9.427127261186616,64014
2022-01-10,Clear,29.7,0.0,1876.0,1.5904722490791028,35717.0,798,7.674370110454324,73692
2022-01-11,Clear,19.3,0.0,1711.0,1.4791145099887657,27704.0,796,13.08046699442032,77603
2022-01-12,Clear,28.0,0.0,1657.0,1.644329180377736,41636.0,813,4.611582677021107,80352
2022-01-13,Clear,34.0,0.0,1003.0,1.730546630928625,51798.0,860,4.745111293711743,84952
2022-01-14,Clear,35.2,0.0,1073.0,1.638460636656465,46837.0,876,11.400548984137204,93817
2022-01-15,Clear,18.1,0.0,1075.0,1.395377154157082,23717.0,819,14.214312489026424,88704
2022-01-16,Snowing,23.3,2.2,1086.0,1.4728766324347586,21588.0,821,7.304534516420043,72783
2022-01-17,Snowing,38.1,29.0,831.0,1.5631685112188984,29887.0,782,8.027069842378538,63518
2022-01-18,Clear,30.3,0.0,861.0,1.6290059141941995,44045.0,871,7.958112969199674,84603
2022-01-19,Clear,35.0,0.0,830.0,1.7112892666171369,55371.0,872,5.842742490791782,86640
2022-01-20,Snowing,32.2,4.7,856.0,1.5797852007787447,34901.0,825,13.74601154897442,90778
2022-01-21,Clear,19.2,0.0,776.0,1.4392176526478704,35006.0,875,6.777207462265719,101054
2022-01-22,Clear,20.6,0.0,961.0,1.5241685155126512,33018.0,833,5.201643409332519,96587
2022-01-23,Clear,27.3,0.0,908.0,1.614428463463903,33817.0,837,5.5094037257950434,76914
2022-01-24,Snowing,29.1,0.0,713.0,1.6164799137858412,42591.0,825,5.38656820649597,78541
2022-01-25,Clear,34.4,0.0,743.0,1.6864922423924125,51982.0,845,4.4972278449919285,87349
2022-01-26,Clear,23.5,0.0,730.0,1.5656785063857432,43279.0,856,7.961349437334491,96747
2022-01-27,Clear,23.0,0.0,731.0,1.5737995886386726,45058.0,961,5.772255069723152,99766
2022-01-28,Snowing,29.4,0.0,766.0,1.5554335093866,35740.0,1008,10.106763806487749,95873
2022-01-29,Snowing,18.6,0.0,1850.0,1.2673149763837912,2927.0,831,32.52856385652554,34388
2022-01-30,Clear,11.1,0.0,1540.0,1.4453409940755135,9688.0,849,11.7602261235143,71229
2022-01-31,Clear,13.6,0.0,1002.0,1.5982296864498011,22838.0,939,14.154452445981509,85878
2022-02-01,Clear,18.4,0.0,963.0,1.6585346106701362,29993.0,983,8.98254147378132,92354
2022-02-02,Clear,33.2,0.0,905.0,1.732202214534516,42955.0,1037,14.96110703103396,92576
2022-02-03,Light Rain,38.5,10.6,768.0,1.5922022206564166,27292.0,1011,5.702410058902852,104562
2022-02-04,Heavy Rain,39.8,22.1,847.0,1.4617267983313669,21072.0,882,11.110859345879303,110309
2022-02-05,Clear,26.1,0.0,754.0,1.3977636285197073,31980.0,882,14.993409093728843,116980
2022-02-06,Clear,23.8,0.0,876.0,1.4893611426277016,30313.0,864,9.045645114958988,88141
2022-02-07,Light Rain,32.2,3.0,695.0,1.5673055799856794,31611.0,957,5.023464072177523,88867
2022-02-08,Light Rain,36.6,1.8,746.0,1.6960932375316071,53493.0,922,8.61297610974791,102781
2022-02-09,Clear,33.4,0.0,811.0,1.7103674604101802,57558.0,923,7.278301701122642,106089
2022-02-10,Light Rain,38.3,0.5,862.0,1.750976065137814,63584.0,957,5.862546677624907,112804
2022-02-11,Clear,40.8,0.0,919.0,1.7711202508665251,66310.0,1012,7.619435482593927,117752
2022-02-12,Clear,48.5,0.0,1244.0,1.8957152340713628,70299.0,968,9.516396367151836,119684
2022-02-13,Snowing,32.5,0.0,839.0,1.5371096697082136,20897.0,838,6.821773268517125,93022
2022-02-14,Clear,22.1,0.0,751.0,1.4623393818782104,35732.0,905,12.33138613109949,110542
2022-02-15,Clear,22.9,0.0,718.0,1.571676331392453,41940.0,915,16.013633207034566,110483
2022-02-16,Clear,33.1,0.0,770.0,1.7280962767578691,55072.0,920,10.240506787234736,110268
2022-02-17,Light Rain,50.2,1.0,941.0,1.8448008379799188,69223.0,956,9.066628861809054,113142
2022-02-18,Heavy Rain,44.4,11.1,859.0,1.6406651467093134,48407.0,1035,7.508587222950763,116275
2022-02-19,Light Rain,30.5,0.2,930.0,1.596802965476284,33400.0,900,8.671562480416878,114374
2022-02-20,Clear,27.3,0.0,937.0,1.638635157126756,31959.0,896,12.192294744542698,95331
2022-02-21,Clear,37.7,0.0,1006.0,1.7844127212199152,53863.0,898,7.786537141892883,85869
2022-02-22,Heavy Rain,45.5,11.4,892.0,1.67805317742072,37452.0,951,7.049489638520638,101395
2022-02-23,Light Rain,55.4,0.1,943.0,1.8334366956459085,68175.0,947,6.429983900166659,112205
2022-02-24,Snowing,32.6,0.0,804.0,1.6202859781443928,46001.0,970,10.152979063261323,119890
2022-02-25,Snowing,34.7,20.3,839.0,1.5586691383964864,31350.0,914,9.266019252385222,118228
2022-02-26,Clear,28.4,0.0,905.0,1.6710264188363222,42732.0,918,7.476137860743076,123056
2022-02-27,Clear,34.2,0.0,998.0,1.749552888501381,44121.0,941,18.225539401771044,100167
2022-02-28,Clear,29.8,0.0,857.0,1.6147548646076697,46930.0,961,5.466027958088847,102221
2022-03-01,Light Rain,35.7,0.4,791.0,1.7057748881130954,57432.0,975,5.966572791478495,113947
2022-03-02,Light Rain,40.2,0.1,839.0,1.800889045559334,68718.0,964,6.960164631414198,119863
2022-03-03,Light Rain,36.7,3.4,795.0,1.7004991326600944,56795.0,972,7.581903837138217,129290
2022-03-04,Clear,28.7,0.0,768.0,1.611958008899698,51059.0,1002,11.819699413985449,128505
2022-03-05,Clear,35.2,0.0,1038.0,1.7468137573625029,52695.0,925,4.963417252582081,120368
2022-03-06,Heavy Rain,53.2,3.8,1117.0,1.8773365597055764,55948.0,898,13.225568645091965,95853
2022-03-07,Heavy Rain,61.2,3.9,918.0,1.8304121374890947,69568.0,929,13.669783033610512,99695
2022-03-08,Clear,42.4,0.0,836.0,1.7327882513367756,63778.0,969,8.517061189875816,117165
2022-03-09,Snowing,35.7,6.7,757.0,1.5882608235007378,28822.0,1013,14.901213458910842,120056
2022-03-10,Clear,38.3,0.0,837.0,1.7481913320809948,67868.0,1063,7.943299379771105,124861
2022-03-11,Clear,41.5,0.0,977.0,1.7756523449660233,71017.0,1020,12.597989104467189,129455
2022-03-12,Snowing,34.5,6.6,1002.0,1.463519600759969,20336.0,829,7.660103033157601,121776
2022-03-13,Snowing,26.8,0.0,967.0,1.572826602829836,31815.0,926,8.316497695251316,100133
2022-03-14,Clear,37.8,0.0,943.0,1.7817083255743444,64895.0,972,14.730825031825969,98693
2022-03-15,Light Rain,48.6,0.1,991.0,1.886012699628553,80950.0,975,12.372426154285057,112729
2022-03-16,Clear,49.4,0.0,992.0,1.8832266288075632,83460.0,1030,9.056868952997084,119733
2022-03-17,Heavy Rain,47.4,5.6,831.0,1.7333448699761749,51187.0,1070,9.25459181832586,116633
2022-03-18,Clear,54.9,0.0,1202.0,1.917668952856864,95284.0,1051,9.642501952296607,128276
2022-03-19,Light Rain,57.4,1.1,1255.0,1.9367789596814644,79685.0,947,11.828969920976336,120655
2022-03-20,Clear,51.9,0.0,1150.0,1.856728852018032,67065.0,1017,7.290950600646906,100169
2022-03-21,Clear,49.7,0.0,987.0,1.8455365216568649,74997.0,957,7.938632813398176,100551
2022-03-22,Clear,46.8,0.0,918.0,1.849712544618739,77201.0,968,7.568276252276958,113331
2022-03-23,Light Rain,40.4,2.0,833.0,1.7179796205750242,62383.0,948,8.077105207773482,122056
2022-03-24,Heavy Rain,44.6,15.4,742.0,1.6598939231340542,46992.0,967,6.835924708991917,124345
2022-03-25,Heavy Rain,49.2,8.5,961.0,1.80252839245652,76966.0,1010,8.619265393846476,124059
2022-03-26,Light Rain,46.3,3.3,1039.0,1.791552870428012,63708.0,944,11.245458154517609,127324
2022-03-27,Snowing,39.6,0.9,1018.0,1.7041590589545412,46883.0,909,8.586623498679375,107222
2022-03-28,Clear,28.7,0.0,771.0,1.546813782895029,39187.0,942,7.987609355937548,112277
2022-03-29,Clear,30.6,0.0,737.0,1.6135410600519149,49720.0,972,6.671997318140572,123866
2022-03-30,Clear,35.2,0.0,777.0,1.713184918275896,62747.0,1002,9.714801236442003,126442
2022-03-31,Heavy Rain,54.9,13.2,865.0,1.8065172524871875,74283.0,1056,7.381702897953528,128465
2022-04-01,Light Rain,51.3,5.0,882.0,1.733678826156398,70244.0,1057,7.434644063361048,135547
2022-04-02,Clear,43.2,0.0,1175.0,1.882660402030648,74958.0,992,6.243706933154106,127957
2022-04-03,Heavy Rain,42.6,6.1,924.0,1.6880243968853568,38074.0,932,8.58266501102558,104448
2022-04-04,Clear,44.4,0.0,856.0,1.8010574304157707,70671.0,998,6.505855438217013,109726
2022-04-05,Light Rain,45.5,0.4,836.0,1.8098964643126496,74265.0,1011,7.643323140771351,121968
2022-04-06,Heavy Rain,47.0,16.6,833.0,1.701024169021322,49773.0,1035,13.936839898196594,124764
2022-04-07,Heavy Rain,48.0,23.4,736.0,1.679128593108868,36284.0,1092,6.806823785524644,129116
2022-04-08,Heavy Rain,53.3,13.4,1073.0,1.8438160711550116,90641.0,1087,7.532608287495792,130708
2022-04-09,Light Rain,48.4,2.5,1097.0,1.8343451167106657,69105.0,1018,12.257299107039756,128584
2022-04-10,Light Rain,44.8,0.1,1020.0,1.7652180494635332,58595.0,985,8.310996125589659,109767
2022-04-11,Light Rain,46.7,0.3,923.0,1.8161474001040383,77371.0,1041,7.856135425384515,107538
2022-04-12,Light Rain,54.8,1.2,1120.0,2.081116905776468,95735.0,1202,13.833866231084212,117809
2022-04-13,Clear,58.5,0.0,1059.0,1.965031897513157,100803.0,1115,11.651361057636528,122117
2022-04-14,Light Rain,67.7,0.2,1051.0,1.9061315806427876,92849.0,1097,7.842648082701535,128179
2022-04-15,Clear,57.0,0.0,1182.0,1.915057796653528,102100.0,1020,7.869070261558665,121835
2022-04-16,Heavy Rain,57.8,4.5,1252.0,1.959510262950235,84084.0,959,10.424849179963044,115277
2022-04-17,Light Rain,45.4,1.1,1127.0,1.8182125104210087,55577.0,940,10.310186928845557,96306
2022-04-18,Heavy Rain,43.0,6.5,850.0,1.713529070424195,57235.0,996,10.781917646027026,103235
2022-04-19,Heavy Rain,45.7,27.8,848.0,1.7144355827850215,60480.0,1001,6.504173697168021,118539
2022-04-20,Clear,47.5,0.0,976.0,1.8335663425743112,87636.0,1076,7.442259179592542,121534
2022-04-21,Light Rain,49.9,0.8,909.0,1.819052289974038,79750.0,1030,6.035757706615391,127415
2022-04-22,Clear,56.2,0.0,1090.0,1.9287929167637428,100005.0,1001,10.234373904156822,128247
2022-04-23,Clear,51.6,0.0,1253.0,1.962200653424664,96936.0,1038,8.594977460616827,124411
2022-04-24,Clear,51.5,0.0,1224.0,1.9570331217752592,85463.0,1017,8.170596031269543,103935
2022-04-25,Clear,50.8,0.0,894.0,1.8223008599270565,74762.0,1001,5.965073356891103,106623
2022-04-26,Light Rain,56.3,2.4,840.0,1.8321946096561992,76986.0,1029,13.501176583013748,120156
2022-04-27,Light Rain,50.2,0.1,874.0,1.8118536746041465,84742.0,1078,6.215593038756521,127674
2022-04-28,Clear,45.4,0.0,852.0,1.7840496952145632,80806.0,1110,12.109229709166849,129292
2022-04-29,Clear,48.2,0.0,988.0,1.832390348836468,89424.0,1089,15.004273704860084,129113
2022-04-30,Clear,51.6,0.0,1222.0,2.0006888801342813,104259.0,1036,7.8381860544731214,127942
2022-05-01,Light Rain,53.7,0.3,1383.0,2.0002704135400817,97344.0,1063,10.341113731700451,100191
2022-05-02,Light Rain,52.9,5.0,847.0,1.7305056364579112,56229.0,994,6.1163174104795175,95596
2022-05-03,Clear,52.9,0.0,944.0,1.8697348671326832,95263.0,1042,9.99290508839978,120446
2022-05-04,Heavy Rain,55.5,6.6,888.0,1.8315798622185475,81915.0,1013,8.255814381249102,125434
2022-05-05,Clear,60.5,0.0,979.0,1.9271679457449853,113394.0,1087,10.04757649396239,131774
2022-05-06,Heavy Rain,53.7,18.7,790.0,1.6075130506940092,36211.0,1138,10.448662827083853,128032
2022-05-07,Heavy Rain,47.3,24.8,817.0,1.5027193118179678,21271.0,965,9.291783694409704,118187
2022-05-08,Light Rain,48.2,3.8,973.0,1.7767624163619524,65005.0,1011,9.376247908790733,103575
2022-05-09,Clear,53.3,0.0,934.0,1.8633119349482636,96836.0,1053,12.076532227551368,107893
2022-05-10,Clear,55.4,0.0,919.0,1.893637854683412,107649.0,1053,9.975205119478463,121334
2022-05-11,Clear,58.0,0.0,966.0,1.9055007528539,110056.0,1074,11.16268497963703,127614
2022-05-12,Clear,59.5,0.0,971.0,1.9171476515119137,113665.0,1096,8.465308429463903,133017
2022-05-13,Light Rain,60.3,0.2,979.0,1.8245934396454624,98440.0,1133,9.48525205917584,129999
2022-05-14,Heavy Rain,61.3,6.9,1163.0,1.8939458127553108,81802.0,1078,9.316505270429634,125805
2022-05-15,Light Rain,65.5,3.2,1328.0,2.0001272013876674,111373.0,1068,12.239626201230458,106627
2022-05-16,Heavy Rain,66.2,6.7,982.0,1.801894052704884,81406.0,1065,12.67039065548004,113886
2022-05-17,Clear,63.7,0.0,1049.0,1.9172006028009096,120376.0,1213,13.287175907506873,122954
2022-05-18,Clear,60.6,0.0,1040.0,1.926915386561001,120400.0,1227,7.881920025043561,125685
2022-05-19,Heavy Rain,59.7,17.0,992.0,1.8612390699864552,92433.0,1232,22.72211008485211,128777
2022-05-20,Light Rain,63.3,2.2,1063.0,1.8252182387557023,87405.0,1196,13.467917455482018,123896
2022-05-21,Clear,74.2,0.0,1381.0,1.96346396796733,118165.0,1128,11.459577013940404,124071
2022-05-22,Light Rain,77.0,0.3,1381.0,1.9063552820150345,106060.0,1118,9.752254866354642,101488
2022-05-23,Clear,66.6,0.0,1113.0,1.8934783870845744,103820.0,1101,13.943591233865346,110461
2022-05-24,Clear,61.6,0.0,1025.0,1.898437363580059,107315.0,1120,9.826048865349309,120595
2022-05-25,Clear,58.7,0.0,1030.0,1.9270674015914144,116909.0,1162,20.56292634196383,121986
2022-05-26,Light Rain,60.7,0.1,1030.0,1.9265659211854007,113837.0,1160,8.869121751525194,121296
2022-05-27,Heavy Rain,68.5,5.6,1056.0,1.8640517965272727,91251.0,1073,6.90145500491885,110473
2022-05-28,Heavy Rain,68.5,13.2,1289.0,1.9240470652861028,84854.0,991,10.132275538454689,98828
2022-05-29,Clear,67.0,0.0,1459.0,2.0511280247518853,103741.0,1009,9.727690223322536,91671
2022-05-30,Clear,72.2,0.0,1363.0,1.9906314825293945,103218.0,965,11.006850623560524,83190
2022-05-31,Clear,79.5,0.0,1058.0,1.8629599390991545,102957.0,1086,11.262332828109482,113371
2022-06-01,Clear,65.5,0.0,957.0,1.838057272709236,90340.0,1139,14.218042753358985,121897
2022-06-02,Heavy Rain,68.5,9.2,1091.0,1.8762286594362076,101166.0,1139,5.515803795653769,125442
2022-06-03,Light Rain,68.5,2.0,1096.0,1.8870702748428536,123870.0,1109,8.31398311325585,124843
2022-06-04,Clear,68.9,0.0,1323.0,1.9933576488240117,130555.0,1024,8.150133880057766,122564
2022-06-05,Clear,65.5,0.0,1316.0,2.00735119729834,118762.0,1082,12.673758813530936,102225
2022-06-06,Clear,68.4,0.0,1075.0,1.8973449440128696,113007.0,1006,8.19407329194152,112515
2022-06-07,Light Rain,68.2,0.8,1022.0,1.861014256768258,106620.0,1091,12.105151762887324,127606
2022-06-08,Heavy Rain,72.3,3.9,1049.0,1.9318382665902156,127068.0,1117,10.857336420734052,129391
2022-06-09,Heavy Rain,72.6,17.6,1035.0,1.894534940154012,117823.0,1145,14.004188653697527,132859
2022-06-10,Clear,68.5,0.0,1128.0,1.925777983678759,125467.0,1152,7.8509650335018915,128739
2022-06-11,Light Rain,68.7,0.7,1353.0,1.988669071251177,118389.0,1060,8.148694791494021,121444
2022-06-12,Light Rain,67.0,4.2,1196.0,1.9037060625461384,92658.0,1082,10.641836957961551,99095
2022-06-13,Light Rain,73.6,1.0,1060.0,1.888065785612762,114418.0,1040,6.674594214759811,118511
2022-06-14,Clear,72.4,0.0,1018.0,1.9154461079336031,126657.0,1095,9.499010257505342,125404
2022-06-15,Clear,70.5,0.0,1035.0,1.912348031694588,131188.0,1125,8.552202460242349,130473
2022-06-16,Light Rain,69.3,0.8,1015.0,1.852951378103853,104936.0,1128,7.531287882727364,129297
2022-06-17,Light Rain,77.3,1.0,1165.0,1.8571326470844776,122881.0,1111,11.24635827983349,125639
2022-06-18,Clear,66.5,0.0,1210.0,1.9439086926640592,111681.0,1018,8.624783001403266,116015
2022-06-19,Clear,63.5,0.0,1338.0,1.999593587538817,108688.0,1027,8.12351349958643,98895
2022-06-20,Clear,67.7,0.0,1173.0,1.9297840393655172,117156.0,1029,13.487588613854962,100787
2022-06-21,Clear,70.2,0.0,996.0,1.853131780916856,102116.0,1092,10.145001534030992,121645
2022-06-22,Light Rain,65.9,2.5,912.0,1.8337459627139627,97198.0,1111,10.48746303127759,123232
2022-06-23,Light Rain,67.0,0.5,971.0,1.8837762697841136,120734.0,1120,7.117751051520167,130512
2022-06-24,Light Rain,70.4,0.1,1089.0,1.899420727861824,127645.0,1120,14.745844854346345,124645
2022-06-25,Clear,76.8,0.0,1287.0,1.980452830215953,121606.0,1017,6.993220139173488,119974
2022-06-26,Clear,78.4,0.0,1421.0,1.924462256398324,109080.0,1058,7.99237747583786,93154
2022-06-27,Heavy Rain,73.0,8.4,1018.0,1.7982292661084898,81972.0,1031,7.64562772119067,104815
2022-06-28,Clear,71.0,0.0,1051.0,1.9246039206746557,124745.0,1035,10.346503780633803,114168
2022-06-29,Clear,73.4,0.0,1009.0,1.907481901633492,124885.0,1048,9.297574342161756,117386
2022-06-30,Clear,76.0,0.0,1001.0,1.8847853703946948,119572.0,1096,8.986921035012234,114440
2022-07-01,Clear,79.3,0.0,1056.0,1.8420474812410537,106512.0,1024,9.03895018839062,102176
2022-07-02,Heavy Rain,80.0,5.7,1359.0,1.8850888489033677,91281.0,912,11.496511169867023,86782
2022-07-03,Clear,78.3,0.0,1430.0,1.9657712516214072,91987.0,921,6.744466996606096,74899
2022-07-04,Clear,75.8,0.0,1558.0,1.940293252047524,97590.0,993,13.702462241512167,64887
2022-07-05,Light Rain,75.1,3.7,1019.0,1.821396537438411,91452.0,959,6.769217825519988,94906
2022-07-06,Light Rain,78.3,0.3,1035.0,1.8814008991156972,116243.0,982,7.288793648400366,103805
2022-07-07,Light Rain,74.1,0.4,1066.0,1.8899709112454257,118010.0,1009,5.49399601633004,108181
2022-07-08,Light Rain,75.1,0.6,1001.0,1.8300614463313487,101322.0,1006,12.134868234466683,104675
2022-07-09,Clear,76.7,0.0,1229.0,1.970760357384888,126534.0,933,8.527652010096233,96848
2022-07-10,Clear,72.9,0.0,1279.0,1.97735286725932,118774.0,982,8.386659233902597,85315
2022-07-11,Clear,73.8,0.0,1114.0,1.886255269800201,114714.0,1015,12.955305620926875,97683
2022-07-12,Light Rain,78.1,0.7,981.0,1.8439507481294684,115157.0,997,5.453212992429596,113204
2022-07-13,Clear,80.5,0.0,1027.0,1.871287115946678,124307.0,1047,6.1545649163076455,118331
2022-07-14,Light Rain,80.4,0.1,983.0,1.8684921430725123,123861.0,1071,12.844186435408288,118605
2022-07-15,Clear,77.2,0.0,1050.0,1.8682473186757496,122804.0,1032,8.3469509932758,111240
2022-07-16,Light Rain,75.9,1.3,1246.0,1.9592585817684207,114688.0,1005,10.817652469813908,107205
2022-07-17,Heavy Rain,76.4,9.4,1216.0,1.9617652990636671,114103.0,1009,6.654946479804571,90877
2022-07-18,Heavy Rain,77.7,10.6,908.0,1.7727153550842245,85976.0,995,13.103274353619362,97683
2022-07-19,Light Rain,80.7,0.2,1033.0,1.8653302186976903,123335.0,1024,11.59893316284488,115112
2022-07-20,Clear,84.0,0.0,967.0,1.841595697149376,121408.0,1050,13.881115609983103,118961
2022-07-21,Heavy Rain,83.9,5.5,942.0,1.8230175192006448,112282.0,1080,6.924224764986687,117184
2022-07-22,Clear,84.5,0.0,966.0,1.8052152747606949,115384.0,1021,12.650543574824008,110232
2022-07-23,Clear,85.3,0.0,1192.0,1.904506214655563,110836.0,978,5.610663520201789,104466
2022-07-24,Light Rain,85.9,0.1,1102.0,1.8696992679867768,102668.0,978,13.379260863659884,91216
2022-07-25,Heavy Rain,83.7,4.1,934.0,1.7946863506969466,99366.0,964,9.536587150122791,95691
2022-07-26,Clear,77.7,0.0,939.0,1.8859332912112337,126208.0,1015,10.32419383273974,110850
2022-07-27,Clear,76.9,0.0,1025.0,1.887704328473616,128834.0,1037,5.453255920482635,115698
2022-07-28,Heavy Rain,80.5,3.5,946.0,1.8406286040203617,121009.0,1043,9.725948810394392,116813
2022-07-29,Clear,80.1,0.0,1042.0,1.8242707009458976,118209.0,1083,11.923833991421963,110678
2022-07-30,Light Rain,80.1,0.1,1193.0,1.9667018880923632,126697.0,978,6.239728598516074,102431
2022-07-31,Light Rain,76.7,0.1,1177.0,1.9370406047186917,115839.0,1006,7.197036467355551,87678
2022-08-01,Heavy Rain,73.3,9.5,1025.0,1.8223128107015003,101128.0,1014,11.417394224244262,92294
2022-08-02,Clear,79.8,0.0,1020.0,1.8621834906562549,124550.0,986,9.258412485999852,108256
2022-08-03,Clear,80.1,0.0,993.0,1.874621128348992,128648.0,999,5.703548694476469,110853
2022-08-04,Clear,82.7,0.0,985.0,1.8339996716938636,121530.0,1054,9.127558247543384,113408
2022-08-05,Light Rain,83.1,0.4,1103.0,1.8188094278781828,117754.0,1038,8.892373551115705,108362
2022-08-06,Light Rain,82.2,0.8,1347.0,1.980002170517558,126469.0,962,9.526588569986844,105647
2022-08-07,Heavy Rain,83.3,3.0,1141.0,1.862637482937938,97764.0,988,6.514154967647833,87277
2022-08-08,Light Rain,84.4,0.1,1088.0,1.7840225158568566,107354.0,968,9.311209805027048,97791
2022-08-09,Light Rain,86.4,0.3,981.0,1.781004018353222,112465.0,995,12.263437506653863,112476
2022-08-10,Light Rain,80.4,0.2,1005.0,1.843491424800987,127251.0,1049,7.684222036306729,85626
2022-08-11,Light Rain,79.9,0.6,992.0,1.842340874922593,117476.0,1080,13.672200069320104,114694
2022-08-12,Clear,77.8,0.0,1131.0,1.8575923568101815,126404.0,1069,5.846664236410668,108633
2022-08-13,Clear,72.7,0.0,1468.0,2.089247054051936,135884.0,1018,11.168160534821553,100702
2022-08-14,Clear,72.3,0.0,1358.0,1.9551671982231107,114891.0,1045,7.795134164578426,85750
2022-08-15,Light Rain,73.4,0.2,1090.0,1.8689710044817784,115123.0,1002,6.338381324597052,92816
2022-08-16,Clear,72.9,0.0,1040.0,1.9125340993020492,126078.0,971,5.651053551487275,104352
2022-08-17,Light Rain,72.6,0.2,951.0,1.8936604341521064,123933.0,1007,10.59574373355998,107363
2022-08-18,Clear,75.7,0.0,996.0,1.895278859957852,125828.0,1053,9.924647021004608,109376
2022-08-19,Clear,77.5,0.0,1044.0,1.8833730937772049,124513.0,1051,8.881729448367874,105384
2022-08-20,Light Rain,79.0,1.2,1357.0,2.087735029770383,132446.0,1040,11.72832502860811,101258
2022-08-21,Clear,75.4,0.0,1234.0,1.949389757366115,113652.0,1012,8.913756026127963,86306
2022-08-22,Heavy Rain,73.8,11.5,906.0,1.7778164899543314,88537.0,951,10.669663507016548,91612
2022-08-23,Heavy Rain,75.5,9.7,985.0,1.8657616795313303,122067.0,982,6.151578511068245,105238
2022-08-24,Clear,77.2,0.0,1020.0,1.878256179142509,126560.0,1002,8.178746299273428,107904
2022-08-25,Clear,78.1,0.0,1019.0,1.8719440293577203,123828.0,1047,12.707923546959188,109576
2022-08-26,Heavy Rain,78.6,4.6,1016.0,1.8458894975767983,111955.0,1031,11.382991151453856,105994
2022-08-27,Clear,76.9,0.0,1271.0,1.96631459720954,121289.0,1002,12.476282801579115,103349
2022-08-28,Light Rain,75.0,3.1,1195.0,1.9362870271515344,110912.0,1028,9.586311699560794,87886
2022-08-29,Light Rain,77.2,0.4,982.0,1.8476460952858489,111304.0,1004,9.966283198796512,91401
2022-08-30,Light Rain,78.5,2.0,929.0,1.8327548253383616,116826.0,1017,6.872596745897055,105144
2022-08-31,Heavy Rain,75.5,2.8,945.0,1.867242579236059,126890.0,1082,5.9547344413896655,105896
2022-09-01,Clear,75.4,0.0,1030.0,1.864858512188372,125121.0,1123,14.696932912512857,106962
2022-09-02,Clear,69.5,0.0,1115.0,1.8781557709960048,119742.0,1070,10.12773316149245,103320
2022-09-03,Clear,71.8,0.0,1311.0,1.972287861655037,110856.0,981,13.212170543212906,96934
2022-09-04,Light Rain,76.3,0.7,1326.0,1.952694045255352,102298.0,995,9.43379334900148,88481
2022-09-05,Light Rain,76.5,3.9,1255.0,1.8560894234945855,96611.0,975,17.874059995431427,80419
2022-09-06,Heavy Rain,70.7,22.9,832.0,1.6531176715870153,42000.0,1167,14.212021551869626,102106
2022-09-07,Light Rain,68.2,2.6,926.0,1.8303835776107853,116330.0,1110,7.530700025482463,118921
2022-09-08,Light Rain,69.3,0.1,993.0,1.8785785187816544,138383.0,1193,5.780640529296818,124662
2022-09-09,Clear,68.8,0.0,1032.0,1.8622121242335068,137341.0,1175,12.196636225139406,125174
2022-09-10,Clear,70.8,0.0,1261.0,1.9701168059934997,138363.0,1122,15.794959561937636,117628
2022-09-11,Heavy Rain,67.5,13.6,1060.0,1.8469228872671,69610.0,1058,24.1031586897427,101167
2022-09-12,Heavy Rain,72.6,5.3,935.0,1.8422974841493944,118430.0,1118,17.45902096141519,110826
2022-09-13,Heavy Rain,72.8,24.0,947.0,1.8625288383619905,125741.0,1153,8.993359236226977,122003
2022-09-14,Clear,69.3,0.0,974.0,1.877841473881588,138737.0,1165,7.351844635302937,124052
2022-09-15,Clear,66.0,0.0,1009.0,1.87756264857866,135997.0,1194,5.75702848176717,127956
2022-09-16,Clear,64.1,0.0,1045.0,1.8696057172831235,135292.0,1171,6.479506878443057,125862
2022-09-17,Clear,67.4,0.0,1261.0,1.973880143809982,134089.0,1014,17.15188461802995,59501
2022-09-18,Clear,71.9,0.0,1301.0,1.934511991460926,119804.0,1216,7.480200142445023,4229
2022-09-19,Light Rain,74.3,0.3,982.0,1.8029455372740009,105746.0,1156,8.86531654638443,105585
2022-09-20,Light Rain,70.9,0.1,977.0,1.8784869272109423,133629.0,1267,10.559980290925964,106678
2022-09-21,Clear,69.8,0.0,985.0,1.8919794287872824,137221.0,1361,13.456183253313112,102864
2022-09-22,Heavy Rain,67.8,12.5,945.0,1.804138488705852,105017.0,1222,13.628740181618172,109086
2022-09-23,Clear,56.4,0.0,959.0,1.789427956628861,116488.0,1198,11.410795070086344,119173
2022-09-24,Clear,57.4,0.0,1195.0,1.946691256202715,116340.0,1049,6.363029984943765,117453
2022-09-25,Heavy Rain,62.8,2.5,1185.0,1.8472489192939736,89222.0,1022,21.889256246459755,99174
2022-09-26,Clear,64.1,0.0,985.0,1.829657949423678,108384.0,952,8.260947865998103,97024
2022-09-27,Clear,62.3,0.0,936.0,1.857305805100969,119683.0,962,8.379602959002188,113328
2022-09-28,Clear,60.0,0.0,922.0,1.8628637048107568,127208.0,1091,9.15034256132354,122550
2022-09-29,Clear,59.1,0.0,902.0,1.8526563984105904,124750.0,1149,13.54533912732234,126801
2022-09-30,Clear,57.2,0.0,946.0,1.798762696655558,118690.0,1132,8.192275374732368,123771
2022-10-01,Heavy Rain,56.7,28.3,971.0,1.7485016648540472,61578.0,978,11.887952011349524,118049
2022-10-02,Light Rain,55.7,8.0,904.0,1.687496734091209,53214.0,1017,7.732976463801849,95806
2022-10-03,Heavy Rain,50.6,12.0,825.0,1.62593334154305,50912.0,1049,9.859581502711857,108671
2022-10-04,Heavy Rain,50.9,34.3,774.0,1.6308491097255184,53720.0,1025,8.077813818621149,109671
2022-10-05,Heavy Rain,56.0,11.2,796.0,1.7097603128246128,71329.0,933,10.041984171351643,114764
2022-10-06,Clear,60.4,0.0,966.0,1.8760478319106548,127479.0,1222,11.830719577223473,123838
2022-10-07,Light Rain,62.8,0.1,1057.0,1.845925201564235,127008.0,1195,11.18826119538507,125029
2022-10-08,Light Rain,53.3,0.7,1227.0,1.897272640533327,103614.0,1072,13.187967930146463,122419
2022-10-09,Clear,51.0,0.0,1183.0,1.9273473723684933,96554.0,1107,7.684780141268468,98213
2022-10-10,Clear,54.6,0.0,999.0,1.842426717276316,99003.0,1001,14.754116808066234,94815
2022-10-11,Clear,56.8,0.0,927.0,1.8766749951599893,115120.0,1049,6.382730330234544,119423
2022-10-12,Clear,58.0,0.0,922.0,1.8478423652146008,121754.0,1137,5.606990420046777,124848
2022-10-13,Heavy Rain,63.3,10.6,835.0,1.7472316988914387,75635.0,1153,10.173325856658067,128716
2022-10-14,Heavy Rain,58.4,6.7,976.0,1.842191591584426,118283.0,1151,10.807335803227986,127324
2022-10-15,Clear,57.8,0.0,1225.0,1.950006266175591,121431.0,1067,8.61486739900474,127002
2022-10-16,Clear,57.0,0.0,1139.0,1.9189431133952004,104099.0,1013,15.524613758366415,108571
2022-10-17,Light Rain,58.8,2.0,931.0,1.7846074586233378,91303.0,1012,11.133060564976264,111867
2022-10-18,Light Rain,51.5,0.4,849.0,1.7954007865878892,104069.0,1070,9.21295899024492,124694
2022-10-19,Clear,46.6,0.0,854.0,1.784487330158457,102662.0,1130,11.740380022454753,129781
2022-10-20,Clear,48.8,0.0,855.0,1.811847496572683,107486.0,1160,10.835742044744691,132409
2022-10-21,Clear,51.6,0.0,937.0,1.808788670015637,111624.0,1144,9.637222445438322,129437
2022-10-22,Clear,53.8,0.0,1178.0,1.9512174089006635,114545.0,1052,6.937808825711055,128225
2022-10-23,Light Rain,55.7,1.9,996.0,1.778168044912283,68572.0,1013,9.003029461111216,105866
2022-10-24,Heavy Rain,57.5,7.9,982.0,1.710205539205836,68400.0,1014,10.090426745843091,111417
2022-10-25,Light Rain,64.3,4.5,850.0,1.831409532176392,101466.0,1062,10.07619357044539,123128
2022-10-26,Light Rain,64.8,0.4,879.0,1.840712159305412,115945.0,1125,8.688648121912314,128891
2022-10-27,Clear,57.6,0.0,890.0,1.82856565597277,119127.0,1187,9.96680018490167,132412
2022-10-28,Clear,49.6,0.0,873.0,1.7540085359760411,109592.0,1142,13.371649963931477,132215
2022-10-29,Clear,49.6,0.0,1097.0,1.8650959119911448,108200.0,1059,5.436253330281481,127966
2022-10-30,Clear,50.5,0.0,1102.0,1.8962346714199996,98453.0,1011,6.364694852726367,108386
2022-10-31,Heavy Rain,55.5,3.8,883.0,1.780600536181571,99493.0,1008,14.776540934857636,101467
2022-11-01,Heavy Rain,59.1,13.4,844.0,1.8558284692974945,106823.0,1081,8.893569735110285,120506
2022-11-02,Clear,58.9,0.0,878.0,1.8748490576486996,121039.0,1084,9.810173072491704,126271
2022-11-03,Clear,55.3,0.0,886.0,1.864834771007147,120221.0,1132,8.947550598501719,131484
2022-11-04,Clear,58.0,0.0,952.0,1.860653833707113,122402.0,1090,13.704953583039746,130682
2022-11-05,Clear,65.2,0.0,1220.0,1.9909839819806128,125658.0,1054,11.610277799671785,130401
2022-11-06,Light Rain,67.2,0.7,1206.0,1.8977507790278347,106552.0,1192,8.788946784031749,104570
2022-11-07,Light Rain,66.6,0.7,956.0,1.848672873798122,110288.0,1073,6.18159671509163,112135
2022-11-08,Clear,50.8,0.0,883.0,1.777384937155816,99562.0,1013,5.326527418328778,121121
2022-11-09,Clear,45.4,0.0,884.0,1.7971689093197123,98324.0,1126,13.045158734529911,128700
2022-11-10,Clear,51.9,0.0,901.0,1.8509172931933209,112425.0,1178,6.12811286703685,132727
2022-11-11,Heavy Rain,61.5,14.8,930.0,1.7465376055940751,56615.0,1157,9.762064404050014,117728
2022-11-12,Light Rain,64.9,1.2,1176.0,1.956633791241632,117406.0,1043,5.55907877070198,130944
2022-11-13,Light Rain,51.2,4.0,959.0,1.7641534096700502,71312.0,1039,6.456615350515013,114269
2022-11-14,Clear,41.0,0.0,782.0,1.6945624292822046,76183.0,1099,11.849416406251976,82278
2022-11-15,Heavy Rain,40.5,7.3,867.0,1.6998477781472203,66302.0,1155,7.13984769474914,90728
2022-11-16,Heavy Rain,46.5,8.0,795.0,1.7209338584884977,79431.0,1154,21.08521680500971,92660
2022-11-17,Clear,39.7,0.0,787.0,1.7158579302472683,80813.0,1200,10.097240939096324,95344
2022-11-18,Light Rain,36.9,0.6,810.0,1.6693404512043082,75806.0,1142,11.096122798480945,95454
2022-11-19,Clear,34.2,0.0,901.0,1.7078334713101262,61394.0,1077,16.24483056690473,94932
2022-11-20,Light Rain,32.7,0.1,820.0,1.6600009159305007,46485.0,1010,7.183370672875193,81125
2022-11-21,Clear,32.2,0.0,780.0,1.6799955389620511,61605.0,1054,5.935092913622542,108526
2022-11-22,Clear,38.7,0.0,831.0,1.7543174205927163,76381.0,1134,10.463352753601177,114546
2022-11-23,Clear,40.2,0.0,877.0,1.7546220397198895,76304.0,1087,9.805501587336236,105640
2022-11-24,Clear,40.6,0.0,1180.0,1.7721591261696985,39289.0,893,9.780050408968892,69663
2022-11-25,Light Rain,44.1,2.2,896.0,1.7459087043407404,44683.0,940,14.863332754754234,86607
2022-11-26,Clear,44.1,0.0,1082.0,1.8569503119767183,61668.0,1024,8.340245698974003,99513
2022-11-27,Heavy Rain,47.0,11.9,816.0,1.7016626103118226,35788.0,1025,14.7077527313325,90529
2022-11-28,Clear,48.9,0.0,792.0,1.7668092809680322,75305.0,1049,8.944315399924873,106488
2022-11-29,Clear,38.1,0.0,745.0,1.7387634736961644,77697.0,1059,9.894779977907715,119372
2022-11-30,Heavy Rain,46.0,15.7,694.0,1.7254511309339138,56344.0,1127,18.705083783784424,117677
