date,avgTaxiDuration,avgTaxiDistance,totalTaxiTrips
2021-01-01,0 days 00:14:15.381077053,5.762586497063681,24827
2021-01-02,0 days 00:15:46.533358593,5.539014394368825,34309
2021-01-03,0 days 00:15:12.903814765,15.691055836933003,26345
2021-01-04,0 days 00:14:13.734178920,6.258865064007184,44545
2021-01-05,0 days 00:13:58.007188566,6.514547557802901,46880
2021-01-06,0 days 00:13:46.000827497,7.824177002865966,49547
2021-01-07,0 days 00:14:10.413263074,6.252605911930802,50290
2021-01-08,0 days 00:13:56.533292390,6.10409555046853,50477
2021-01-09,0 days 00:14:08.553306106,8.311769923184084,39911
2021-01-10,0 days 00:13:49.949857645,8.302190204347681,29855
2021-01-11,0 days 00:13:42.637046681,9.308900185207795,46849
2021-01-12,0 days 00:14:00.969002453,4.449513555813536,50133
2021-01-13,0 days 00:13:52.621116438,9.454390695485907,51306
2021-01-14,0 days 00:14:09.670373791,6.8115413332679875,53051
2021-01-15,0 days 00:12:22.416339770,4.468680455718165,53024
2021-01-16,0 days 00:13:10.972161247,15.504485793264985,38723
2021-01-17,0 days 00:13:02.542566828,5.247054198142879,31985
2021-01-18,0 days 00:13:03.258061037,4.919460206605198,37092
2021-01-19,0 days 00:14:02.851336292,6.088375270726701,51149
2021-01-20,0 days 00:13:27.259400853,8.93309681467322,49437
2021-01-21,0 days 00:14:41.305386636,5.200775222060811,53280
2021-01-22,0 days 00:14:35.815215989,4.3402000965570595,54285
2021-01-23,0 days 00:13:21.826960574,4.448788025904789,42054
2021-01-24,0 days 00:12:49.840202365,5.218840748712661,31033
2021-01-25,0 days 00:13:57.749024734,4.504692079564768,47423
2021-01-26,0 days 00:13:58.805366180,8.53027304812832,47818
2021-01-27,0 days 00:13:52.275339473,4.233632712513531,52655
2021-01-28,0 days 00:14:48.994047197,13.562045380483312,56444
2021-01-29,0 days 00:14:16.053368008,15.763227402395518,54602
2021-01-30,0 days 00:13:28.175566487,4.488720115453827,39233
2021-01-31,0 days 00:12:32.057595484,10.75671285143187,31183
2021-02-01,0 days 00:14:56.363222107,4.982599910274879,6803
2021-02-02,0 days 00:12:39.150764274,4.666929357132086,29178
2021-02-03,0 days 00:16:25.223520923,9.842234890357142,55440
2021-02-04,0 days 00:17:44.452263762,4.461937061308702,59326
2021-02-05,0 days 00:16:14.081807166,6.974384528464601,57770
2021-02-06,0 days 00:15:12.148538620,4.397359366827375,49987
2021-02-07,0 days 00:12:22.152721187,18.547077935957507,27488
2021-02-08,0 days 00:14:55.182856811,15.213944798685457,51729
2021-02-09,0 days 00:14:49.619327555,4.351187448049608,52733
2021-02-10,0 days 00:15:27.254913144,4.3453364994970185,57855
2021-02-11,0 days 00:15:30.923872068,4.353030402057143,58625
2021-02-12,0 days 00:15:25.602191444,5.263948464004653,63611
2021-02-13,0 days 00:13:43.017330162,11.891777528975288,48355
2021-02-14,0 days 00:13:38.201451905,4.83360230685118,39672
2021-02-15,0 days 00:13:26.309111651,4.820338496691632,40322
2021-02-16,0 days 00:15:07.113706039,11.578148697174436,51211
2021-02-17,0 days 00:15:25.946215470,8.20810664298441,60166
2021-02-18,0 days 00:13:18.738989008,4.452398414438236,38121
2021-02-19,0 days 00:13:18.204944464,4.3641143689867805,53029
2021-02-20,0 days 00:13:46.850603817,11.856621548546944,51340
2021-02-21,0 days 00:13:29.301031816,5.0722729729841864,37119
2021-02-22,0 days 00:14:29.844710941,4.5417438750862935,50699
2021-02-23,0 days 00:14:47.204408677,4.398343957652204,57160
2021-02-24,0 days 00:15:29.918007637,7.755150195484333,59969
2021-02-25,0 days 00:16:06.586877258,4.419242862661332,61984
2021-02-26,0 days 00:15:36.275774535,7.379421182347004,65394
2021-02-27,0 days 00:14:00.371886484,4.567788276288281,48980
2021-02-28,0 days 00:13:55.018930128,8.210505926534085,37612
2021-03-01,0 days 00:14:10.578397403,14.72575947158436,54836
2021-03-02,0 days 00:14:02.657083259,6.670597066413338,61843
2021-03-03,0 days 00:15:08.037031770,5.564362778659336,63297
2021-03-04,0 days 00:14:32.122697010,7.925209583262091,67141
2021-03-05,0 days 00:14:55.546693110,4.448256512738927,69582
2021-03-06,0 days 00:13:17.026416260,7.247723430852302,55004
2021-03-07,0 days 00:13:55.042647700,5.21013319063856,38947
2021-03-08,0 days 00:14:27.753082690,11.791883407238549,56282
2021-03-09,0 days 00:14:32.094446951,8.29234737958618,62056
2021-03-10,0 days 00:14:40.354869652,7.260396420013925,64635
2021-03-11,0 days 00:15:01.658687813,6.638590248737944,68222
2021-03-12,0 days 00:15:16.632341457,5.765921477039991,71716
2021-03-13,0 days 00:14:44.367405947,4.690325059960571,60870
2021-03-14,0 days 00:14:02.220589573,5.065720879737967,43964
2021-03-15,0 days 00:14:18.813978862,12.42346978594297,61407
2021-03-16,0 days 00:14:46.588341300,7.447043335710686,65479
2021-03-17,0 days 00:14:36.044972731,8.598443235944623,71510
2021-03-18,0 days 00:15:15.617201806,8.648421605647268,71539
2021-03-19,0 days 00:15:32.827240114,5.62944135042928,74427
2021-03-20,0 days 00:14:35.607315804,6.449911900068251,61538
2021-03-21,0 days 00:14:34.825879797,5.3389565614839105,45124
2021-03-22,0 days 00:14:33.652529228,9.106528724508413,59959
2021-03-23,0 days 00:14:37.255853842,7.79475856754894,63548
2021-03-24,0 days 00:14:51.857498652,5.842093123235118,68659
2021-03-25,0 days 00:15:24.138414398,6.861846381500838,69841
2021-03-26,0 days 00:16:02.588005711,6.992840875536819,73535
2021-03-27,0 days 00:15:04.714669396,4.756122678187322,67392
2021-03-28,0 days 00:12:59.283585783,5.449800243272944,40404
2021-03-29,0 days 00:13:44.400123866,6.531926963559104,58127
2021-03-30,0 days 00:15:43.893226589,4.709033263008605,66702
2021-03-31,0 days 00:14:53.702797151,4.95311208962137,67533
2021-04-01,0 days 00:15:08.848444683,9.845172168051471,72429
2021-04-02,0 days 00:14:39.326786454,4.670746219723566,72350
2021-04-03,0 days 00:14:37.239397222,7.26844137010041,61847
2021-04-04,0 days 00:14:23.724076873,10.410408655227814,46310
2021-04-05,0 days 00:15:06.049416249,10.272494293466762,62955
2021-04-06,0 days 00:15:18.748283006,4.838244853723465,70472
2021-04-07,0 days 00:15:23.714134554,10.145200165840265,74661
2021-04-08,0 days 00:16:11.820193013,14.11694008224865,77611
2021-04-09,0 days 00:15:53.264744313,13.06519834403694,78827
2021-04-10,0 days 00:15:03.426784882,6.703462944473562,68688
2021-04-11,0 days 00:14:07.463727303,5.34028992721503,47584
2021-04-12,0 days 00:15:16.630564093,9.895789108859859,70272
2021-04-13,0 days 00:15:31.160982705,12.78355614768601,74244
2021-04-14,0 days 00:15:49.965910267,14.699924886661663,77296
2021-04-15,0 days 00:15:52.958621890,6.495561885449279,80429
2021-04-16,0 days 00:16:36.217303774,9.621349292114582,82456
2021-04-17,0 days 00:14:48.953833281,8.699195599765185,74101
2021-04-18,0 days 00:14:53.116395471,9.765803449971372,54143
2021-04-19,0 days 00:14:51.615456210,17.44493270976244,67688
2021-04-20,0 days 00:16:22.071020273,15.666183643605509,78724
2021-04-21,0 days 00:15:39.868459183,15.409535434475286,79367
2021-04-22,0 days 00:15:35.118396092,11.67533238493313,84344
2021-04-23,0 days 00:16:05.524490977,17.21775190835825,84623
2021-04-24,0 days 00:15:54.997932993,11.117921860265287,78858
2021-04-25,0 days 00:14:20.381674437,10.14720417370363,49330
2021-04-26,0 days 00:15:06.083386740,18.29251457653208,70215
2021-04-27,0 days 00:15:13.182698970,15.207132604937172,76481
2021-04-28,0 days 00:15:53.545846249,27.04251524838721,83551
2021-04-29,0 days 00:16:25.121420751,9.686762126373921,82210
2021-04-30,0 days 00:16:27.617912190,11.336233488388958,89079
2021-05-01,0 days 00:14:39.159255954,18.771822683299874,80694
2021-05-02,0 days 00:14:46.544367340,11.021084896766574,60957
2021-05-03,0 days 00:15:07.610209803,30.51309923007135,75261
2021-05-04,0 days 00:15:20.613234603,10.290543393042748,80894
2021-05-05,0 days 00:16:05.558598103,12.040716276417122,87025
2021-05-06,0 days 00:16:39.361515507,15.775362895695814,88472
2021-05-07,0 days 00:16:49.041728456,15.380487622021366,92383
2021-05-08,0 days 00:14:34.190325039,12.205306076389949,80021
2021-05-09,0 days 00:15:35.609500318,10.200359477755542,64461
2021-05-10,0 days 00:15:14.085481919,11.256506671670923,74390
2021-05-11,0 days 00:15:41.442992646,22.57686609341062,83498
2021-05-12,0 days 00:15:41.920384035,11.021908294993496,86867
2021-05-13,0 days 00:16:02.542501242,17.63535996637464,82527
2021-05-14,0 days 00:17:05.009598132,10.053643765141919,92518
2021-05-15,0 days 00:15:39.794902380,10.964594326835087,88865
2021-05-16,0 days 00:15:00.919154641,24.06773885086916,66386
2021-05-17,0 days 00:14:25.592466631,5.029168712746805,74097
2021-05-18,0 days 00:15:23.904048506,15.563114762360213,84772
2021-05-19,0 days 00:16:28.705311187,6.093684239537985,90733
2021-05-20,0 days 00:17:44.510135608,13.511057511935098,92693
2021-05-21,0 days 00:16:56.788616515,13.163648636423778,94927
2021-05-22,0 days 00:15:25.037146927,9.208430622853715,93359
2021-05-23,0 days 00:14:56.614485131,8.980811862942344,71494
2021-05-24,0 days 00:15:22.727344201,19.295792260575162,81403
2021-05-25,0 days 00:16:41.818571348,5.93658895719231,88685
2021-05-26,0 days 00:17:19.361606186,7.785258955828799,93364
2021-05-27,0 days 00:17:33.130625223,14.906489688867978,92463
2021-05-28,0 days 00:17:09.525730987,18.288699982024134,87929
2021-05-29,0 days 00:14:28.979121116,13.151489756539279,64946
2021-05-30,0 days 00:14:38.465339233,10.380766984963127,54240
2021-05-31,0 days 00:15:17.688698382,18.624499413677654,56691
2021-06-01,0 days 00:16:37.164494261,15.843348537862632,86003
2021-06-02,0 days 00:16:55.154648864,6.192948626185307,92571
2021-06-03,0 days 00:16:38.703566691,9.43647492081779,96504
2021-06-04,0 days 00:17:21.100900731,7.78356704264089,95589
2021-06-05,0 days 00:15:39.794597021,14.865376329434698,97983
2021-06-06,0 days 00:15:31.801901253,9.200534983566266,77633
2021-06-07,0 days 00:15:38.272164646,8.287534546510033,88869
2021-06-08,0 days 00:17:07.118204383,9.156315069585423,94675
2021-06-09,0 days 00:16:50.984821679,6.535414981265329,99484
2021-06-10,0 days 00:16:59.504611419,18.732370600040394,103981
2021-06-11,0 days 00:16:49.405274559,13.09459073122934,98321
2021-06-12,0 days 00:15:54.707342251,9.395667686351011,93963
2021-06-13,0 days 00:15:53.478762333,11.190936901133037,73784
2021-06-14,0 days 00:15:46.329621918,7.591095492437227,86939
2021-06-15,0 days 00:16:52.384809971,16.99846472584508,98038
2021-06-16,0 days 00:16:42.024008769,12.246071198248035,102171
2021-06-17,0 days 00:18:42.271221009,10.582919119486421,102964
2021-06-18,0 days 00:18:40.190142836,14.075118340176171,98994
2021-06-19,0 days 00:15:40.951330830,15.99980317208265,96406
2021-06-20,0 days 00:16:01.760023093,11.618526739531722,77945
2021-06-21,0 days 00:15:54.246539011,8.142591834081655,90870
2021-06-22,0 days 00:16:44.442884698,13.989408541675841,99019
2021-06-23,0 days 00:17:32.070188055,10.783882113603187,102895
2021-06-24,0 days 00:18:25.836581007,16.715471068272823,104639
2021-06-25,0 days 00:18:21.290055569,7.790761437632389,103294
2021-06-26,0 days 00:17:09.289603809,11.23524918933225,98690
2021-06-27,0 days 00:17:26.841671297,8.089091051790584,77377
2021-06-28,0 days 00:16:25.500999530,8.342165773736932,91543
2021-06-29,0 days 00:16:33.633238389,8.958100030702587,101112
2021-06-30,0 days 00:16:36.152181380,9.479770475381066,101885
2021-07-01,0 days 00:17:50.098422511,17.83567367964613,93820
2021-07-02,0 days 00:16:34.998777743,26.51924583827376,87543
2021-07-03,0 days 00:14:51.652052868,15.081813952002248,71120
2021-07-04,0 days 00:16:39.500900186,11.444893061156533,60543
2021-07-05,0 days 00:15:35.355966505,13.941420676155605,64728
2021-07-06,0 days 00:15:56.820816937,13.808299832284028,89456
2021-07-07,0 days 00:16:02.450051440,11.100872006868315,97200
2021-07-08,0 days 00:17:40.498308274,9.090987552206645,94578
2021-07-09,0 days 00:16:43.858631190,14.0367706145643,93585
2021-07-10,0 days 00:16:51.837658393,10.390323221224943,93833
2021-07-11,0 days 00:16:07.881376241,8.151726673539093,75946
2021-07-12,0 days 00:15:50.196798360,9.987829362904327,84894
2021-07-13,0 days 00:15:50.755203858,7.547214909012431,96611
2021-07-14,0 days 00:16:25.144110730,10.125745633081614,104614
2021-07-15,0 days 00:17:59.426364854,8.866620175205224,105982
2021-07-16,0 days 00:18:06.682986084,11.894294382717872,102904
2021-07-17,0 days 00:16:31.619077123,13.565336156674789,95224
2021-07-18,0 days 00:16:22.349597383,8.919719888105055,77369
2021-07-19,0 days 00:16:13.882345005,7.10375810515654,88955
2021-07-20,0 days 00:15:31.073761444,17.34802896630089,92406
2021-07-21,0 days 00:16:15.628426871,15.894799668524193,98231
2021-07-22,0 days 00:17:36.924248693,12.882800537968995,103919
2021-07-23,0 days 00:17:35.363061698,11.169438764435018,99030
2021-07-24,0 days 00:17:09.874080350,13.312716719265996,93242
2021-07-25,0 days 00:16:18.625302719,22.360079232965,75565
2021-07-26,0 days 00:16:04.189398444,14.066284950253033,89119
2021-07-27,0 days 00:15:42.516485286,11.690027133046078,99331
2021-07-28,0 days 00:16:01.894001865,11.357653444108706,99681
2021-07-29,0 days 00:16:49.134768484,12.05439566933844,99734
2021-07-30,0 days 00:17:43.864843876,7.418136775455866,99152
2021-07-31,0 days 00:16:43.231444464,12.584514433315826,93301
2021-08-01,0 days 00:16:24.746865418,24.091647974934297,73056
2021-08-02,0 days 00:16:09.676306059,7.908028498028906,83304
2021-08-03,0 days 00:16:35.640964753,10.545375404925993,93910
2021-08-04,0 days 00:16:07.521078361,12.72533026335781,97778
2021-08-05,0 days 00:16:29.740000604,10.185838046126587,99331
2021-08-06,0 days 00:17:45.786555205,25.547038834940523,97852
2021-08-07,0 days 00:16:24.395012688,16.9488012338762,90630
2021-08-08,0 days 00:16:13.611747639,6.235041303856331,74449
2021-08-09,0 days 00:15:29.428894829,6.945236550482865,83046
2021-08-10,0 days 00:15:57.973662372,12.413145989570756,96402
2021-08-11,0 days 00:16:07.588973972,9.727771809738533,100816
2021-08-12,0 days 00:17:47.207140913,15.39463467224983,99203
2021-08-13,0 days 00:17:18.502733894,12.6886242127918,99126
2021-08-14,0 days 00:15:54.910988530,12.681014001435281,91550
2021-08-15,0 days 00:16:21.241703878,10.097925589069558,76813
2021-08-16,0 days 00:16:16.385208705,15.264097192953514,82197
2021-08-17,0 days 00:15:31.062027924,10.551734034653238,91749
2021-08-18,0 days 00:16:32.778944186,16.650616065669368,95926
2021-08-19,0 days 00:17:11.722649967,9.24247336359963,99488
2021-08-20,0 days 00:16:57.500926784,10.681221906872304,99268
2021-08-21,0 days 00:16:15.150000507,9.260624576120795,98613
2021-08-22,0 days 00:15:09.201964429,13.406572006558116,53247
2021-08-23,0 days 00:15:58.103747431,9.352695283913764,80802
2021-08-24,0 days 00:16:52.256974598,7.998988107362402,93733
2021-08-25,0 days 00:16:17.054293493,11.798369804521071,98428
2021-08-26,0 days 00:17:06.287251295,11.261242224595545,101124
2021-08-27,0 days 00:17:37.737321654,11.498373547364933,96582
2021-08-28,0 days 00:16:32.521728383,11.397913690908682,89008
2021-08-29,0 days 00:18:44.070305437,11.112414227867417,73010
2021-08-30,0 days 00:15:59.789827243,16.055330317683424,84107
2021-08-31,0 days 00:16:42.484303448,13.403486700511298,93683
2021-09-01,0 days 00:16:41.771506352,6.602509937760889,88160
2021-09-02,0 days 00:20:06.543791621,13.629127079291086,93100
2021-09-03,0 days 00:18:55.085579838,10.97806072480393,95630
2021-09-04,0 days 00:16:21.496729811,10.951742763251888,88527
2021-09-05,0 days 00:16:37.196606880,10.556866378867792,74209
2021-09-06,0 days 00:15:12.924113119,8.496704336618697,71712
2021-09-07,0 days 00:16:33.185479232,12.053037889786067,88673
2021-09-08,0 days 00:16:28.146988494,10.924769171072697,102042
2021-09-09,0 days 00:19:27.841622801,6.222676139760152,105817
2021-09-10,0 days 00:19:40.117563494,13.742235347651006,109813
2021-09-11,0 days 00:16:01.078458534,6.800041287328003,107560
2021-09-12,0 days 00:17:32.117044203,8.948479441159208,87232
2021-09-13,0 days 00:17:54.444403823,19.906731256077716,95735
2021-09-14,0 days 00:17:45.746529170,15.003751217507265,102209
2021-09-15,0 days 00:17:11.389992889,12.552105780824071,106884
2021-09-16,0 days 00:15:19.427324900,8.349536646599516,102456
2021-09-17,0 days 00:19:01.935009440,16.685270830244008,110693
2021-09-18,0 days 00:16:36.112830229,6.754171300592662,111362
2021-09-19,0 days 00:17:09.569410458,7.816237961392061,88272
2021-09-20,0 days 00:18:05.200535687,14.430968079676418,92218
2021-09-21,0 days 00:17:18.641596907,12.725329100246325,99868
2021-09-22,0 days 00:17:15.457398679,6.3304101860252935,105877
2021-09-23,0 days 00:19:26.489233841,8.150000473935624,104169
2021-09-24,0 days 00:19:42.032617735,9.035198695961396,109419
2021-09-25,0 days 00:16:59.719066712,15.25866297557733,112977
2021-09-26,0 days 00:16:33.494924469,10.024944261439126,91222
2021-09-27,0 days 00:16:23.080339619,7.016036964529824,93752
2021-09-28,0 days 00:15:52.791096365,10.935173779463208,100970
2021-09-29,0 days 00:16:21.057728394,8.512826477090748,108179
2021-09-30,0 days 00:18:47.824699219,7.997729728851424,114951
2021-10-01,0 days 00:18:59.707317489,19.145811320141462,117062
2021-10-02,0 days 00:16:56.951688302,11.929920962885147,115086
2021-10-03,0 days 00:17:37.329321495,12.64107886597172,91230
2021-10-04,0 days 00:17:07.873743005,8.947595930836895,96858
2021-10-05,0 days 00:16:50.949872477,6.407116667281149,106648
2021-10-06,0 days 00:17:20.419961068,13.079286023958591,113020
2021-10-07,0 days 00:18:57.731536151,9.437022150742266,118556
2021-10-08,0 days 00:18:38.704030205,14.97220295513215,120242
2021-10-09,0 days 00:16:52.085869351,7.773339238215329,116817
2021-10-10,0 days 00:16:10.043335109,6.722201004918488,93850
2021-10-11,0 days 00:16:03.989181724,5.955880070309587,86890
2021-10-12,0 days 00:17:13.209941325,11.001597714672293,108054
2021-10-13,0 days 00:17:15.049794629,10.035758035809907,112723
2021-10-14,0 days 00:18:15.683576009,18.21175835438173,121767
2021-10-15,0 days 00:18:18.538499971,11.805985359310505,124091
2021-10-16,0 days 00:16:32.891377967,10.422158682907629,121955
2021-10-17,0 days 00:16:52.413076694,10.47876753248735,100790
2021-10-18,0 days 00:16:34.696136958,7.589795642585888,103856
2021-10-19,0 days 00:17:14.800652118,10.15572876118718,110716
2021-10-20,0 days 00:17:24.817311487,9.053569582174559,119077
2021-10-21,0 days 00:18:32.844514652,9.39561230793183,122809
2021-10-22,0 days 00:18:21.349338260,11.87994162019079,122858
2021-10-23,0 days 00:17:05.245714237,9.800112999769533,119757
2021-10-24,0 days 00:16:26.399296465,17.533659172760263,98929
2021-10-25,0 days 00:17:01.714114198,12.083102127559053,99949
2021-10-26,0 days 00:15:33.337973416,14.127734625472678,101866
2021-10-27,0 days 00:17:58.714853104,13.144552713618197,119847
2021-10-28,0 days 00:18:52.198054248,12.082156917975908,125607
2021-10-29,0 days 00:18:08.606915663,8.867504424735323,130631
2021-10-30,0 days 00:16:24.964152221,14.782452890392928,119589
2021-10-31,0 days 00:16:26.129215845,13.350661496400457,102263
2021-11-01,0 days 00:17:25.987538267,10.489218861281294,106486
2021-11-02,0 days 00:16:05.973395944,8.12146908037843,115847
2021-11-03,0 days 00:17:40.901852475,6.676936050153894,121837
2021-11-04,0 days 00:18:20.616313703,8.313978113275015,127917
2021-11-05,0 days 00:18:36.901309257,11.812224865338168,129921
2021-11-06,0 days 00:16:50.942606115,8.66678741834018,131460
2021-11-07,0 days 00:21:26.676503025,10.611906603159559,100647
2021-11-08,0 days 00:17:31.145850105,15.61237845534815,106822
2021-11-09,0 days 00:17:31.227975914,16.712034795565287,118745
2021-11-10,0 days 00:18:25.657328794,10.183100661217686,126617
2021-11-11,0 days 00:18:37.730962292,7.013797060476094,123715
2021-11-12,0 days 00:18:05.631958440,10.630116261745176,128010
2021-11-13,0 days 00:17:30.952293855,10.217037362645302,132310
2021-11-14,0 days 00:17:01.439131782,11.413830230374854,109696
2021-11-15,0 days 00:17:04.090693724,12.982707604067413,114815
2021-11-16,0 days 00:17:43.144645476,19.746226680814996,122700
2021-11-17,0 days 00:17:57.748169503,8.62349175248845,126605
2021-11-18,0 days 00:18:27.721181313,11.609413422674075,133377
2021-11-19,0 days 00:18:16.687860802,8.617242762494278,135462
2021-11-20,0 days 00:17:25.696644428,12.762223273875835,131453
2021-11-21,0 days 00:16:50.832828946,19.4613414682217,105078
2021-11-22,0 days 00:17:44.142892708,19.20220304091083,112469
2021-11-23,0 days 00:19:27.726668607,19.67160442779224,120235
2021-11-24,0 days 00:19:01.974992620,17.282452830708063,108408
2021-11-25,0 days 00:15:50.207290362,17.457498529545454,70312
2021-11-26,0 days 00:15:49.790692758,10.816255310919265,89887
2021-11-27,0 days 00:16:35.218305344,9.662630894470121,104505
2021-11-28,0 days 00:18:29.386800747,9.416255061059458,90990
2021-11-29,0 days 00:17:41.366918696,11.995690319863717,107130
2021-11-30,0 days 00:18:12.294924852,7.6870404320476515,119366
2021-12-01,0 days 00:17:55.077074418,14.917290618177496,121986
2021-12-02,0 days 00:18:51.268541046,15.43447693036915,128647
2021-12-03,0 days 00:18:28.984474899,13.547687698730831,136231
2021-12-04,0 days 00:17:35.252892924,9.60185168228745,132392
2021-12-05,0 days 00:17:55.781676911,9.707591891619092,109654
2021-12-06,0 days 00:18:16.877388718,9.42885958619447,112665
2021-12-07,0 days 00:17:25.622136771,13.411787492633971,126649
2021-12-08,0 days 00:18:23.307940028,11.380605086798013,131662
2021-12-09,0 days 00:19:03.101860099,10.761739744284611,134724
2021-12-10,0 days 00:19:06.763769972,9.437279969115412,133497
2021-12-11,0 days 00:17:53.179973435,15.301657900490605,130247
2021-12-12,0 days 00:18:30.507236369,10.024360165640543,107167
2021-12-13,0 days 00:17:12.252526976,6.9033657184161585,111299
2021-12-14,0 days 00:17:19.876025220,13.63494647041541,120218
2021-12-15,0 days 00:17:52.413513210,12.623476193781588,125048
2021-12-16,0 days 00:18:12.475029698,8.180880873257307,126270
2021-12-17,0 days 00:18:15.534914254,6.918353895549631,124147
2021-12-18,0 days 00:16:19.790241115,9.889685656224668,110279
2021-12-19,0 days 00:15:28.614725877,14.510226421405703,91200
2021-12-20,0 days 00:16:36.173447401,16.436356327551398,94213
2021-12-21,0 days 00:16:31.036254068,15.856139342775505,93093
2021-12-22,0 days 00:16:54.379775133,10.928651680277866,91699
2021-12-23,0 days 00:16:36.826613545,13.55308328121571,87850
2021-12-24,0 days 00:14:27.692023729,14.662297543050029,69619
2021-12-25,0 days 00:15:01.690886367,22.441087813404565,40807
2021-12-26,0 days 00:17:47.348176583,11.353012468308199,54705
2021-12-27,0 days 00:15:26.322603259,8.332946642754338,69897
2021-12-28,0 days 00:16:02.080680197,5.992310585191306,75037
2021-12-29,0 days 00:15:57.999986664,5.924669030799184,74989
2021-12-30,0 days 00:16:13.342024933,10.47776940030782,77968
2021-12-31,0 days 00:14:52.915698417,12.310428960975539,70402
2022-01-01,0 days 00:15:34.814599391,5.936210494790435,63441
2022-01-02,0 days 00:16:06.722856507,6.210313243525445,58421
2022-01-03,0 days 00:13:55.297741868,7.703309716179822,72405
2022-01-04,0 days 00:13:46.590193396,3.47255867600118,74562
2022-01-05,0 days 00:13:25.922873766,5.916513835263835,74592
2022-01-06,0 days 00:13:28.424032336,5.045711371685292,79909
2022-01-07,0 days 00:12:46.690291940,3.0268777762257297,71590
2022-01-08,0 days 00:13:23.787982254,3.147445688110896,83177
2022-01-09,0 days 00:13:16.242150154,5.857759865029525,64014
2022-01-10,0 days 00:13:18.217160614,4.768644357596482,73692
2022-01-11,0 days 00:13:16.244578173,8.127845572980426,77603
2022-01-12,0 days 00:13:33.581802568,2.8655117483074473,80352
2022-01-13,0 days 00:14:20.371209624,2.9484827902815707,84952
2022-01-14,0 days 00:14:36.372032787,7.083990321583508,93817
2022-01-15,0 days 00:13:39.496685606,8.832386250901877,88704
2022-01-16,0 days 00:13:41.203151834,4.538838602420895,72783
2022-01-17,0 days 00:13:02.477644132,4.987802355237885,63518
2022-01-18,0 days 00:14:31.518480432,4.9449544342399205,84603
2022-01-19,0 days 00:14:32.598118651,3.6305208910433975,86640
2022-01-20,0 days 00:13:45.997829870,8.541396814206085,90778
2022-01-21,0 days 00:14:35.766065667,4.211171947671542,101054
2022-01-22,0 days 00:13:53.050607224,3.2321594003333782,96587
2022-01-23,0 days 00:13:57.762474972,3.423393270405908,76914
2022-01-24,0 days 00:13:45.535210908,3.347066627621243,78541
2022-01-25,0 days 00:14:05.749075547,2.7944547733803478,87349
2022-01-26,0 days 00:14:16.556771786,4.946965487301932,96747
2022-01-27,0 days 00:16:01.621213639,3.586721929314596,99766
2022-01-28,0 days 00:16:48.249684478,6.280067485110511,95873
2022-01-29,0 days 00:13:51.938990345,20.212362742817263,34388
2022-01-30,0 days 00:14:09.969647194,7.307483889988628,71229
2022-01-31,0 days 00:15:39.683842194,8.795190852139081,85878
2022-02-01,0 days 00:16:23.044296944,5.581506377633887,92354
2022-02-02,0 days 00:17:17.283248358,9.296424019184238,92576
2022-02-03,0 days 00:16:51.021575715,3.5433221437998506,104562
2022-02-04,0 days 00:14:42.246444079,6.903985078280105,110309
2022-02-05,0 days 00:14:42.019952128,9.316495640280388,116980
2022-02-06,0 days 00:14:24.066631873,5.620717259845021,88141
2022-02-07,0 days 00:15:57.080085971,3.1214436179909306,88867
2022-02-08,0 days 00:15:22.273143869,5.351868536013466,102781
2022-02-09,0 days 00:15:23.264730556,4.52253824618952,106089
2022-02-10,0 days 00:15:57.049554980,3.6428266728130207,112804
2022-02-11,0 days 00:16:52.134469053,4.734509477546029,117752
2022-02-12,0 days 00:16:08.573702416,5.913229253701413,119684
2022-02-13,0 days 00:13:58.316043516,4.238863924662983,93022
2022-02-14,0 days 00:15:05.349631814,7.662387146966764,110542
2022-02-15,0 days 00:15:15.311296760,9.95043508956129,110483
2022-02-16,0 days 00:15:20.953313744,6.363171727064969,110268
2022-02-17,0 days 00:15:56.604717965,5.633755988050414,113142
2022-02-18,0 days 00:17:15.426196516,4.665631391098689,116275
2022-02-19,0 days 00:15:00.338258695,5.388272509486422,114374
2022-02-20,0 days 00:14:56.076092771,7.5759595514575535,95331
2022-02-21,0 days 00:14:58.170201120,4.838341892883346,85869
2022-02-22,0 days 00:15:51.035346910,4.380360668672025,101395
2022-02-23,0 days 00:15:47.150126999,3.9954166926607546,112205
2022-02-24,0 days 00:16:10.705313203,6.30878438568688,119890
2022-02-25,0 days 00:15:14.629512467,5.757651740704402,118228
2022-02-26,0 days 00:15:18.981301196,4.645468242101157,123056
2022-02-27,0 days 00:15:41.090438966,11.324853294997355,100167
2022-02-28,0 days 00:16:01.659972021,3.396440750922022,102221
2022-03-01,0 days 00:16:15.890194564,3.707465663861269,113947
2022-03-02,0 days 00:16:04.900719988,4.3248565445550335,119863
2022-03-03,0 days 00:16:12.056601438,4.711188336298244,129290
2022-03-04,0 days 00:16:42.384592039,7.344438971246255,128505
2022-03-05,0 days 00:15:25.560472883,3.084132161371793,120368
2022-03-06,0 days 00:14:58.454852743,8.218007782750671,95853
2022-03-07,0 days 00:15:29.825016299,8.494030493003661,99695
2022-03-08,0 days 00:16:09.939905261,5.292269619766995,117165
2022-03-09,0 days 00:16:53.544412607,9.259207786366362,120056
2022-03-10,0 days 00:17:43.622996772,4.935749673637084,124861
2022-03-11,0 days 00:17:00.549264223,7.828046966127226,129455
2022-03-12,0 days 00:13:49.672948692,4.759779184732624,121776
2022-03-13,0 days 00:15:26.817293,5.167644932240121,100133
2022-03-14,0 days 00:16:12.972520847,9.153333063135177,98693
2022-03-15,0 days 00:16:15.531016863,7.68788829848575,112729
2022-03-16,0 days 00:17:10.294739127,5.627691446802469,119733
2022-03-17,0 days 00:17:50.889199454,5.7505510447300505,116633
2022-03-18,0 days 00:17:31.282944588,5.991587826249649,128276
2022-03-19,0 days 00:15:47.200994571,7.350199411545316,120655
2022-03-20,0 days 00:16:57.626760774,4.530397927502521,100169
2022-03-21,0 days 00:15:57.108024783,4.932849996519179,100551
2022-03-22,0 days 00:16:08.577203060,4.7027205265990775,113331
2022-03-23,0 days 00:15:48.230607262,5.018892967162614,122056
2022-03-24,0 days 00:16:07.994973661,4.247657243958342,124345
2022-03-25,0 days 00:16:50.265027124,5.35577652568536,124059
2022-03-26,0 days 00:15:44.769524991,6.987621108353492,127324
2022-03-27,0 days 00:15:09.104027158,5.3354937419559425,107222
2022-03-28,0 days 00:15:42.731325204,4.963282684788514,112277
2022-03-29,0 days 00:16:12.598929488,4.145797232493178,123866
2022-03-30,0 days 00:16:42.811573685,6.036512630296895,126442
2022-03-31,0 days 00:17:36.820028801,4.5867889308371925,128465
2022-04-01,0 days 00:17:37.105564859,4.619685127667894,135547
2022-04-02,0 days 00:16:32.436732652,3.8796692638933394,127957
2022-04-03,0 days 00:15:32.571001838,5.33303404564951,104448
2022-04-04,0 days 00:16:38.182481818,4.042561197892933,109726
2022-04-05,0 days 00:16:51.525490292,4.749352617079889,121968
2022-04-06,0 days 00:17:15.017104292,8.659972347792634,124764
2022-04-07,0 days 00:18:12.686491217,4.229574723504446,129116
2022-04-08,0 days 00:18:07.569835052,4.680557425712274,130708
2022-04-09,0 days 00:16:58.841302183,7.616351490076525,128584
2022-04-10,0 days 00:16:25.775196552,5.164226406843587,109767
2022-04-11,0 days 00:17:21.603089140,4.88158836876267,107538
2022-04-12,0 days 00:20:02.630147102,8.595987318456146,117809
2022-04-13,0 days 00:18:35.728539024,7.239838106078597,122117
2022-04-14,0 days 00:18:17.509662269,4.873207701729613,128179
2022-04-15,0 days 00:17:00.905413058,4.889625723314319,121835
2022-04-16,0 days 00:15:59.989130529,6.47771706411513,115277
2022-04-17,0 days 00:15:40.817020746,6.406469067347829,96306
2022-04-18,0 days 00:16:36.296653266,6.699589674044655,103235
2022-04-19,0 days 00:16:41.270248610,4.041516209854985,118539
2022-04-20,0 days 00:17:56.088699458,4.624416953280564,121534
2022-04-21,0 days 00:17:10.407832672,3.750455283914767,127415
2022-04-22,0 days 00:16:41.542375260,6.359360920723291,128247
2022-04-23,0 days 00:17:18.041668341,5.340684666146885,124411
2022-04-24,0 days 00:16:57.232741617,5.076985616010006,103935
2022-04-25,0 days 00:16:41.675267062,3.7065339560882737,106623
2022-04-26,0 days 00:17:09.937423016,8.38926304137954,120156
2022-04-27,0 days 00:17:58.725073233,3.8622000563936276,127674
2022-04-28,0 days 00:18:30.141857191,7.524345203106146,129292
2022-04-29,0 days 00:18:09.203480671,9.323246613431646,129113
2022-04-30,0 days 00:17:16.493364180,4.870435119038314,127942
2022-05-01,0 days 00:17:43.219121477,6.425686139473605,100191
2022-05-02,0 days 00:16:34.171346081,3.8005128875685177,95596
2022-05-03,0 days 00:17:22.736371485,6.209318781860751,120446
2022-05-04,0 days 00:16:53.396535229,5.129937975349586,125434
2022-05-05,0 days 00:18:07.861186577,6.24329010275168,131774
2022-05-06,0 days 00:18:58.058243251,6.4925142151962,128032
2022-05-07,0 days 00:16:05.086007767,5.773661062553412,118187
2022-05-08,0 days 00:16:51.227207337,5.826144822592324,103575
2022-05-09,0 days 00:17:33.457267848,7.504027879473181,107893
2022-05-10,0 days 00:17:33.551700265,6.1983205037334965,121334
2022-05-11,0 days 00:17:54.957465481,6.936188114156754,127614
2022-05-12,0 days 00:18:16.387657216,5.260111865400663,133017
2022-05-13,0 days 00:18:53.847821906,5.893877029823306,129999
2022-05-14,0 days 00:17:58.136179007,5.789022375899209,125805
2022-05-15,0 days 00:17:48.334905793,7.605370028229248,106627
2022-05-16,0 days 00:17:45.378404720,7.873035316017772,113886
2022-05-17,0 days 00:20:13.153894952,8.256288855994924,122954
2022-05-18,0 days 00:20:27.573934837,4.897610216016231,125685
2022-05-19,0 days 00:20:32.051251388,14.118899725882727,128777
2022-05-20,0 days 00:19:56.410102021,8.368596726286563,123896
2022-05-21,0 days 00:18:48.331141040,7.12066873000137,124071
2022-05-22,0 days 00:18:38.903417152,6.05978529481318,101488
2022-05-23,0 days 00:18:21.845384343,8.664167443713165,110461
2022-05-24,0 days 00:18:40.675301629,6.1056388739168295,120595
2022-05-25,0 days 00:19:22.980965028,12.777241814634465,121986
2022-05-26,0 days 00:19:20.008986281,5.511030454425537,121296
2022-05-27,0 days 00:17:53.921238673,4.288375983271931,110473
2022-05-28,0 days 00:16:31.357469543,6.295919779819483,98828
2022-05-29,0 days 00:16:49.768781839,6.044521495347492,91671
2022-05-30,0 days 00:16:05.285274672,6.839356893857435,83190
2022-05-31,0 days 00:18:06.804756066,6.998106570463346,113371
2022-06-01,0 days 00:18:59.988432857,8.834704135458624,121897
2022-06-02,0 days 00:18:59.782074584,3.4273700993287735,125442
2022-06-03,0 days 00:18:29.700672044,5.166082439544067,124843
2022-06-04,0 days 00:17:04.035924088,5.064270993113802,122564
2022-06-05,0 days 00:18:02.250085595,7.875128197603326,102225
2022-06-06,0 days 00:16:46.149144558,5.091573745722793,112515
2022-06-07,0 days 00:18:11.252973998,7.521811278466529,127606
2022-06-08,0 days 00:18:37.643560989,6.746452844479137,129391
2022-06-09,0 days 00:19:05.381931220,8.701821028308206,132859
2022-06-10,0 days 00:19:12.554416299,4.878375628209012,128739
2022-06-11,0 days 00:17:40.656022528,5.063376782714666,121444
2022-06-12,0 days 00:18:02.895756597,6.612547353549624,99095
2022-06-13,0 days 00:17:20.035532566,4.147410873252272,118511
2022-06-14,0 days 00:18:15.059128895,5.9024259991706804,125404
2022-06-15,0 days 00:18:45.011787879,5.314105447103999,130473
2022-06-16,0 days 00:18:48.091974291,4.679736962187831,129297
2022-06-17,0 days 00:18:31.233749074,6.9881804216843495,125639
2022-06-18,0 days 00:16:58.804180493,5.359205016592682,116015
2022-06-19,0 days 00:17:07.781101167,5.047729814449669,98895
2022-06-20,0 days 00:17:09.831000029,8.38081984779783,100787
2022-06-21,0 days 00:18:12.171268856,6.303827366517325,121645
2022-06-22,0 days 00:18:31.863249805,6.516623604258633,123232
2022-06-23,0 days 00:18:40.780296064,4.422776449675125,130512
2022-06-24,0 days 00:18:40.970548357,9.162665971358658,124645
2022-06-25,0 days 00:16:57.605181122,4.345396335872772,119974
2022-06-26,0 days 00:17:38.284464435,4.966245464499646,93154
2022-06-27,0 days 00:17:11.266450412,4.750784620521872,104815
2022-06-28,0 days 00:17:15.795100203,6.4290353689299975,114168
2022-06-29,0 days 00:17:28.007096246,5.777259213194077,117386
2022-06-30,0 days 00:18:16.578871024,5.584227717581266,114440
2022-07-01,0 days 00:17:04.831232383,5.616557215001566,102176
2022-07-02,0 days 00:15:12.739542762,7.143618607545344,86782
2022-07-03,0 days 00:15:21.331659968,4.190827914925433,74899
2022-07-04,0 days 00:16:33.512537180,8.51433646184906,64887
2022-07-05,0 days 00:15:59.929361684,4.206207405222009,94906
2022-07-06,0 days 00:16:22.663243581,4.529057656182265,103805
2022-07-07,0 days 00:16:49.626348434,3.413819339810133,108181
2022-07-08,0 days 00:16:46.305383329,7.540276283735372,104675
2022-07-09,0 days 00:15:33.475879729,5.298850466710722,96848
2022-07-10,0 days 00:16:22.650717927,5.2112413995194276,85315
2022-07-11,0 days 00:16:55.009356796,8.050073707809956,97683
2022-07-12,0 days 00:16:37.642998480,3.3884778806402602,113204
2022-07-13,0 days 00:17:27.613457166,3.8242788449349705,118331
2022-07-14,0 days 00:17:51.308848699,7.981027275409974,118605
2022-07-15,0 days 00:17:12.319336569,5.186567781373607,111240
2022-07-16,0 days 00:16:45.818469287,6.721794319294808,107205
2022-07-17,0 days 00:16:49.238113053,4.135202306414165,90877
2022-07-18,0 days 00:16:35.504110234,8.14201744418169,97683
2022-07-19,0 days 00:17:04.334031204,7.207260841615122,115112
2022-07-20,0 days 00:17:30.832180294,8.625346794327553,118961
2022-07-21,0 days 00:18:00.851489964,4.3025244913981435,117184
2022-07-22,0 days 00:17:01.338803614,7.860702881196023,110232
2022-07-23,0 days 00:16:18.179465089,3.4863133459690236,104466
2022-07-24,0 days 00:16:18.356560252,8.313507937204,91216
2022-07-25,0 days 00:16:04.881681662,5.92577525577118,95691
2022-07-26,0 days 00:16:55.411953089,6.415172575552549,110850
2022-07-27,0 days 00:17:17.940457051,3.3885045549620565,115698
2022-07-28,0 days 00:17:23.938808180,6.043439428830696,116813
2022-07-29,0 days 00:18:03.054816675,7.409145358607853,110678
2022-07-30,0 days 00:16:18.340277845,3.8771972352119963,102431
2022-07-31,0 days 00:16:46.925100937,4.472042245489177,87678
2022-08-01,0 days 00:16:54.236320887,7.0944574945283545,92294
2022-08-02,0 days 00:16:26.916226352,5.752925103458469,108256
2022-08-03,0 days 00:16:39.648047414,3.544029660902276,110853
2022-08-04,0 days 00:17:34.539230036,5.671615847206546,113408
2022-08-05,0 days 00:17:18.742428157,5.525478488769126,108362
2022-08-06,0 days 00:16:02.244607040,5.919562410669494,105647
2022-08-07,0 days 00:16:28.010380741,4.0477182992082685,87277
2022-08-08,0 days 00:16:08.332300518,5.78573191807017,97791
2022-08-09,0 days 00:16:35.730529179,7.620165724243394,112476
2022-08-10,0 days 00:17:29.546049097,4.774766075724663,85626
2022-08-11,0 days 00:18:00.344760841,8.49553237309711,114694
2022-08-12,0 days 00:17:49.666095937,3.6329577568510487,108633
2022-08-13,0 days 00:16:58.942374530,6.939590474866438,100702
2022-08-14,0 days 00:17:25.281877551,4.843683848396502,85750
2022-08-15,0 days 00:16:42.456516117,3.9384973495948974,92816
2022-08-16,0 days 00:16:11.941687749,3.511410610242257,104352
2022-08-17,0 days 00:16:47.492720956,6.583906280562205,107363
2022-08-18,0 days 00:17:33.996598888,6.166905079724986,109376
2022-08-19,0 days 00:17:31.947183633,5.518864533515524,105384
2022-08-20,0 days 00:17:20.905222303,7.287661419344644,101258
2022-08-21,0 days 00:16:52.209857947,5.538764975783838,86306
2022-08-22,0 days 00:15:51.935816268,6.629838012487447,91612
2022-08-23,0 days 00:16:22.073281514,3.8224231741386188,105238
2022-08-24,0 days 00:16:42.935516755,5.08204997034401,107904
2022-08-25,0 days 00:17:27.955419069,7.8963572315105495,109576
2022-08-26,0 days 00:17:11.468800120,7.073080363039417,105994
2022-08-27,0 days 00:16:42.155115192,7.752421987634134,103349
2022-08-28,0 days 00:17:08.629497303,5.956672735134151,87886
2022-08-29,0 days 00:16:44.767869060,6.192776665463178,91401
2022-08-30,0 days 00:16:57.323308985,4.27044424788861,105144
2022-08-31,0 days 00:18:02.800398504,3.7001096358691545,105896
2022-09-01,0 days 00:18:43.147659916,9.132273424206728,106962
2022-09-02,0 days 00:17:50.922706155,6.293097270615564,103320
2022-09-03,0 days 00:16:21.800916087,8.209682567520169,96934
2022-09-04,0 days 00:16:35.158791152,5.861901990257795,88481
2022-09-05,0 days 00:16:15.835436899,11.106453574404059,80419
2022-09-06,0 days 00:19:27.637749005,8.830962725011263,102106
2022-09-07,0 days 00:18:30.898302234,4.679371683722807,118921
2022-09-08,0 days 00:19:53.088639681,3.5919324252779514,124662
2022-09-09,0 days 00:19:35.503187562,7.578657229137041,125174
2022-09-10,0 days 00:18:42.541622742,9.81455724827422,117628
2022-09-11,0 days 00:17:38.567853153,14.977045676949993,101167
2022-09-12,0 days 00:18:38.153664302,10.848559634020898,110826
2022-09-13,0 days 00:19:13.474414563,5.588228240289173,122003
2022-09-14,0 days 00:19:25.883089349,4.568235820462387,124052
2022-09-15,0 days 00:19:54.475319641,3.5772605426865485,127956
2022-09-16,0 days 00:19:31.212836281,4.026188921199409,125862
2022-09-17,0 days 00:16:54.051158804,10.657713483806994,59501
2022-09-18,0 days 00:20:16.992906124,4.647992433199338,4229
2022-09-19,0 days 00:19:16.997471231,5.5086660036937065,105585
2022-09-20,0 days 00:21:07.842582350,6.561683852340688,106678
2022-09-21,0 days 00:22:41.769695909,8.361305412972468,102864
2022-09-22,0 days 00:20:22.848605687,8.468527583741269,109086
2022-09-23,0 days 00:19:58.245676453,7.090356960049675,119173
2022-09-24,0 days 00:17:29.003890918,3.953813355129286,117453
2022-09-25,0 days 00:17:02.965091657,13.601387057091577,99174
2022-09-26,0 days 00:15:52.223738456,5.133127782816623,97024
2022-09-27,0 days 00:16:02.134000423,5.206856822674008,113328
2022-09-28,0 days 00:18:11.073537331,5.685773398612811,122550
2022-09-29,0 days 00:19:09.503497606,8.416704442393987,126801
2022-09-30,0 days 00:18:52.601829184,5.090456568986273,123771
2022-10-01,0 days 00:16:18.809341883,7.386849274453827,118049
2022-10-02,0 days 00:16:57.333329854,4.805060747761101,95806
2022-10-03,0 days 00:17:29.070948091,6.12647514056188,108671
2022-10-04,0 days 00:17:05.969180549,5.0193332786242495,109671
2022-10-05,0 days 00:15:33.266006761,6.239815185946813,114764
2022-10-06,0 days 00:20:22.499394370,7.351286600235792,123838
2022-10-07,0 days 00:19:55.991378,6.95208047732926,125029
2022-10-08,0 days 00:17:52.283166828,8.194643723604996,122419
2022-10-09,0 days 00:18:27.793672935,4.775112866932076,98213
2022-10-10,0 days 00:16:41.481179138,9.167805937879027,94815
2022-10-11,0 days 00:17:29.373361915,3.966054612595564,119423
2022-10-12,0 days 00:18:57.582019735,3.484030981673715,124848
2022-10-13,0 days 00:19:13.289140433,6.321427328381864,128716
2022-10-14,0 days 00:19:11.552959379,6.715383823945211,127324
2022-10-15,0 days 00:17:47.102203114,5.353043731594778,127002
2022-10-16,0 days 00:16:53.917068093,9.646571736467381,108571
2022-10-17,0 days 00:16:52.705114108,6.917780310547346,111867
2022-10-18,0 days 00:17:50.023842366,5.724681540410926,124694
2022-10-19,0 days 00:18:50.962405899,7.295152063861428,129781
2022-10-20,0 days 00:19:20.995453481,6.733034687974382,132409
2022-10-21,0 days 00:19:04.448658420,5.988307284624953,129437
2022-10-22,0 days 00:17:32.245615129,4.31096525638526,128225
2022-10-23,0 days 00:16:53.607673851,5.594237054389511,105866
2022-10-24,0 days 00:16:54.941068239,6.269916081028927,111417
2022-10-25,0 days 00:17:42.976284841,6.261071973880839,123128
2022-10-26,0 days 00:18:45.632340504,5.398889061299858,128891
2022-10-27,0 days 00:19:47.954075159,6.193097906534151,132412
2022-10-28,0 days 00:19:02.362629051,8.30877873161139,132215
2022-10-29,0 days 00:17:39.467999312,3.3779396089586293,127966
2022-10-30,0 days 00:16:51.061668481,3.9548478585795213,108386
2022-10-31,0 days 00:16:48.269614751,9.181739678910384,101467
2022-11-01,0 days 00:18:01.354521766,5.526221764891375,120506
2022-11-02,0 days 00:18:04.237441692,6.095774089062413,126271
2022-11-03,0 days 00:18:52.062585561,5.55976400170363,131484
2022-11-04,0 days 00:18:10.832677798,8.515884513551981,130682
2022-11-05,0 days 00:17:34.634811082,7.214310089646552,130401
2022-11-06,0 days 00:19:52.853504829,5.461211915463326,104570
2022-11-07,0 days 00:17:53.511169572,3.8410756677219426,112135
2022-11-08,0 days 00:16:53.766324584,3.309758918767183,121121
2022-11-09,0 days 00:18:46.578842268,8.105905982905982,128700
2022-11-10,0 days 00:19:38.033941850,3.8078422626895807,132727
2022-11-11,0 days 00:19:17.084015697,6.0658806740962214,117728
2022-11-12,0 days 00:17:23.610871823,3.4542599890029324,130944
2022-11-13,0 days 00:17:19.622067227,4.0119647498446644,114269
2022-11-14,0 days 00:18:19.614684362,7.3629043000559085,82278
2022-11-15,0 days 00:19:15.342319901,4.436506701349088,90728
2022-11-16,0 days 00:19:14.088430822,13.10177886898338,92660
2022-11-17,0 days 00:20:00.847048581,6.274150234938747,95344
2022-11-18,0 days 00:19:02.203543067,6.894828189494417,95454
2022-11-19,0 days 00:17:57.381831205,10.094094825770025,94932
2022-11-20,0 days 00:16:50.118681047,4.4635506933744225,81125
2022-11-21,0 days 00:17:34.936273335,3.687904926008514,108526
2022-11-22,0 days 00:18:54.880790250,6.501642135037452,114546
2022-11-23,0 days 00:18:07.048352896,6.092871355547141,105640
2022-11-24,0 days 00:14:53.478503653,6.077056687194063,69663
2022-11-25,0 days 00:15:40.098652533,9.23566974955835,86607
2022-11-26,0 days 00:17:04.260408187,5.182401294303257,99513
2022-11-27,0 days 00:17:05.739542025,9.138996564636747,90529
2022-11-28,0 days 00:17:29.662863421,5.557753737510329,106488
2022-11-29,0 days 00:17:39.140242267,6.148346513420233,119372
2022-11-30,0 days 00:18:47.821808849,11.622829099994052,117677